idx,class,conversation
0,일반 대화,"점심 뭐 드실 거에요?
아직 고민 중이에요.
저도요. 추천해주실 만한 곳 있나요?
근처에 새로 생긴 식당이 있어요.
그럼 거기로 가볼까요?"
1,일반 대화,"어제 경기 봤어요?
네, 정말 흥미진진했어요.
그 선수 대단했죠?
맞아요, 마지막 순간이 인상적이었어요.
다음 경기도 기대돼요."
2,일반 대화,"새로운 프로젝트 어떻게 생각하세요?
도전적이지만 흥미로워 보여요.
맞아요, 많이 배울 수 있을 것 같아요.
우리 팀이 잘 해낼 거라고 믿어요.
그럼요, 함께 힘내봐요."
3,일반 대화,"커피 마실래요?
네, 좋죠.
무슨 커피 좋아하세요?
저는 라떼요.
저도 라떼 좋아해요. 두 잔 주문할게요."
4,일반 대화,"새로운 식당 가봤어요?
네, 음식이 정말 맛있더라고요.
뭐가 제일 맛있었어요?
스테이크가 최고였어요.
다음에 저도 가봐야겠어요."
5,일반 대화,"이 책 읽어보셨어요?
아직 못 읽어봤어요.
정말 재미있어요. 추천해드릴게요.
감사합니다. 꼭 읽어볼게요.
읽고 나서 이야기해요."
6,일반 대화,"이번 주말에 영화 보러 갈래요?
좋은 생각이에요. 어떤 영화요?
새로 개봉한 액션 영화요.
좋아요. 시간은 언제가 좋을까요?
오후 3시쯤 어때요?"
7,일반 대화,"이번 주말에 뭐 하세요?
특별한 계획은 없어요.
그럼 같이 드라이브 갈래요?
좋죠! 어디로 갈까요?
바닷가 쪽으로 가볼까요?"
8,일반 대화,"취미가 뭐에요?
저는 등산을 좋아해요.
정말요? 저도 등산 좋아해요.
다음에 같이 갈래요?
좋아요, 언제 갈까요?"
9,일반 대화,"점심 뭐 드실 거에요?
아직 고민 중이에요.
저도요. 추천해주실 만한 곳 있나요?
근처에 새로 생긴 식당이 있어요.
그럼 거기로 가볼까요?"
10,일반 대화,"취미가 뭐에요?
저는 등산을 좋아해요.
정말요? 저도 등산 좋아해요.
다음에 같이 갈래요?
좋아요, 언제 갈까요?"
11,일반 대화,"오늘 날씨 정말 좋네요.
네, 산책하기 좋은 날씨에요.
어디 갈 계획 있으세요?
그냥 동네 한 바퀴 돌까 생각 중이에요.
좋네요. 같이 가요."
12,일반 대화,"커피 마실래요?
네, 좋죠.
무슨 커피 좋아하세요?
저는 라떼요.
저도 라떼 좋아해요. 두 잔 주문할게요."
13,일반 대화,"이 책 읽어보셨어요?
아직 못 읽어봤어요.
정말 재미있어요. 추천해드릴게요.
감사합니다. 꼭 읽어볼게요.
읽고 나서 이야기해요."
14,일반 대화,"새로운 식당 가봤어요?
네, 음식이 정말 맛있더라고요.
뭐가 제일 맛있었어요?
스테이크가 최고였어요.
다음에 저도 가봐야겠어요."
15,일반 대화,"커피 마실래요?
네, 좋죠.
무슨 커피 좋아하세요?
저는 라떼요.
저도 라떼 좋아해요. 두 잔 주문할게요."
16,일반 대화,"새로운 식당 가봤어요?
네, 음식이 정말 맛있더라고요.
뭐가 제일 맛있었어요?
스테이크가 최고였어요.
다음에 저도 가봐야겠어요."
17,일반 대화,"이번 주말에 영화 보러 갈래요?
좋은 생각이에요. 어떤 영화요?
새로 개봉한 액션 영화요.
좋아요. 시간은 언제가 좋을까요?
오후 3시쯤 어때요?"
18,일반 대화,"어제 경기 봤어요?
네, 정말 흥미진진했어요.
그 선수 대단했죠?
맞아요, 마지막 순간이 인상적이었어요.
다음 경기도 기대돼요."
19,일반 대화,"새로운 식당 가봤어요?
네, 음식이 정말 맛있더라고요.
뭐가 제일 맛있었어요?
스테이크가 최고였어요.
다음에 저도 가봐야겠어요."
20,일반 대화,"새로운 식당 가봤어요?
네, 음식이 정말 맛있더라고요.
뭐가 제일 맛있었어요?
스테이크가 최고였어요.
다음에 저도 가봐야겠어요."
21,일반 대화,"이번 주말에 영화 보러 갈래요?
좋은 생각이에요. 어떤 영화요?
새로 개봉한 액션 영화요.
좋아요. 시간은 언제가 좋을까요?
오후 3시쯤 어때요?"
22,일반 대화,"새로운 프로젝트 어떻게 생각하세요?
도전적이지만 흥미로워 보여요.
맞아요, 많이 배울 수 있을 것 같아요.
우리 팀이 잘 해낼 거라고 믿어요.
그럼요, 함께 힘내봐요."
23,일반 대화,"점심 뭐 드실 거에요?
아직 고민 중이에요.
저도요. 추천해주실 만한 곳 있나요?
근처에 새로 생긴 식당이 있어요.
그럼 거기로 가볼까요?"
24,일반 대화,"커피 마실래요?
네, 좋죠.
무슨 커피 좋아하세요?
저는 라떼요.
저도 라떼 좋아해요. 두 잔 주문할게요."
25,일반 대화,"커피 마실래요?
네, 좋죠.
무슨 커피 좋아하세요?
저는 라떼요.
저도 라떼 좋아해요. 두 잔 주문할게요."
26,일반 대화,"점심 뭐 드실 거에요?
아직 고민 중이에요.
저도요. 추천해주실 만한 곳 있나요?
근처에 새로 생긴 식당이 있어요.
그럼 거기로 가볼까요?"
27,일반 대화,"새로운 식당 가봤어요?
네, 음식이 정말 맛있더라고요.
뭐가 제일 맛있었어요?
스테이크가 최고였어요.
다음에 저도 가봐야겠어요."
28,일반 대화,"오늘 날씨 정말 좋네요.
네, 산책하기 좋은 날씨에요.
어디 갈 계획 있으세요?
그냥 동네 한 바퀴 돌까 생각 중이에요.
좋네요. 같이 가요."
29,일반 대화,"이번 주말에 영화 보러 갈래요?
좋은 생각이에요. 어떤 영화요?
새로 개봉한 액션 영화요.
좋아요. 시간은 언제가 좋을까요?
오후 3시쯤 어때요?"
30,일반 대화,"이번 주말에 영화 보러 갈래요?
좋은 생각이에요. 어떤 영화요?
새로 개봉한 액션 영화요.
좋아요. 시간은 언제가 좋을까요?
오후 3시쯤 어때요?"
31,일반 대화,"이번 주말에 뭐 하세요?
특별한 계획은 없어요.
그럼 같이 드라이브 갈래요?
좋죠! 어디로 갈까요?
바닷가 쪽으로 가볼까요?"
32,일반 대화,"이번 주말에 뭐 하세요?
특별한 계획은 없어요.
그럼 같이 드라이브 갈래요?
좋죠! 어디로 갈까요?
바닷가 쪽으로 가볼까요?"
33,일반 대화,"이 책 읽어보셨어요?
아직 못 읽어봤어요.
정말 재미있어요. 추천해드릴게요.
감사합니다. 꼭 읽어볼게요.
읽고 나서 이야기해요."
34,일반 대화,"취미가 뭐에요?
저는 등산을 좋아해요.
정말요? 저도 등산 좋아해요.
다음에 같이 갈래요?
좋아요, 언제 갈까요?"
35,일반 대화,"어제 경기 봤어요?
네, 정말 흥미진진했어요.
그 선수 대단했죠?
맞아요, 마지막 순간이 인상적이었어요.
다음 경기도 기대돼요."
36,일반 대화,"오늘 날씨 정말 좋네요.
네, 산책하기 좋은 날씨에요.
어디 갈 계획 있으세요?
그냥 동네 한 바퀴 돌까 생각 중이에요.
좋네요. 같이 가요."
37,일반 대화,"취미가 뭐에요?
저는 등산을 좋아해요.
정말요? 저도 등산 좋아해요.
다음에 같이 갈래요?
좋아요, 언제 갈까요?"
38,일반 대화,"새로운 식당 가봤어요?
네, 음식이 정말 맛있더라고요.
뭐가 제일 맛있었어요?
스테이크가 최고였어요.
다음에 저도 가봐야겠어요."
39,일반 대화,"새로운 프로젝트 어떻게 생각하세요?
도전적이지만 흥미로워 보여요.
맞아요, 많이 배울 수 있을 것 같아요.
우리 팀이 잘 해낼 거라고 믿어요.
그럼요, 함께 힘내봐요."
40,일반 대화,"어제 경기 봤어요?
네, 정말 흥미진진했어요.
그 선수 대단했죠?
맞아요, 마지막 순간이 인상적이었어요.
다음 경기도 기대돼요."
41,일반 대화,"점심 뭐 드실 거에요?
아직 고민 중이에요.
저도요. 추천해주실 만한 곳 있나요?
근처에 새로 생긴 식당이 있어요.
그럼 거기로 가볼까요?"
42,일반 대화,"커피 마실래요?
네, 좋죠.
무슨 커피 좋아하세요?
저는 라떼요.
저도 라떼 좋아해요. 두 잔 주문할게요."
43,일반 대화,"이 책 읽어보셨어요?
아직 못 읽어봤어요.
정말 재미있어요. 추천해드릴게요.
감사합니다. 꼭 읽어볼게요.
읽고 나서 이야기해요."
44,일반 대화,"취미가 뭐에요?
저는 등산을 좋아해요.
정말요? 저도 등산 좋아해요.
다음에 같이 갈래요?
좋아요, 언제 갈까요?"
45,일반 대화,"커피 마실래요?
네, 좋죠.
무슨 커피 좋아하세요?
저는 라떼요.
저도 라떼 좋아해요. 두 잔 주문할게요."
46,일반 대화,"취미가 뭐에요?
저는 등산을 좋아해요.
정말요? 저도 등산 좋아해요.
다음에 같이 갈래요?
좋아요, 언제 갈까요?"
47,일반 대화,"오늘 날씨 정말 좋네요.
네, 산책하기 좋은 날씨에요.
어디 갈 계획 있으세요?
그냥 동네 한 바퀴 돌까 생각 중이에요.
좋네요. 같이 가요."
48,일반 대화,"어제 경기 봤어요?
네, 정말 흥미진진했어요.
그 선수 대단했죠?
맞아요, 마지막 순간이 인상적이었어요.
다음 경기도 기대돼요."
49,일반 대화,"새로운 프로젝트 어떻게 생각하세요?
도전적이지만 흥미로워 보여요.
맞아요, 많이 배울 수 있을 것 같아요.
우리 팀이 잘 해낼 거라고 믿어요.
그럼요, 함께 힘내봐요."
50,일반 대화,"어제 경기 봤어요?
네, 정말 흥미진진했어요.
그 선수 대단했죠?
맞아요, 마지막 순간이 인상적이었어요.
다음 경기도 기대돼요."
51,일반 대화,"이 책 읽어보셨어요?
아직 못 읽어봤어요.
정말 재미있어요. 추천해드릴게요.
감사합니다. 꼭 읽어볼게요.
읽고 나서 이야기해요."
52,일반 대화,"이 책 읽어보셨어요?
아직 못 읽어봤어요.
정말 재미있어요. 추천해드릴게요.
감사합니다. 꼭 읽어볼게요.
읽고 나서 이야기해요."
53,일반 대화,"새로운 프로젝트 어떻게 생각하세요?
도전적이지만 흥미로워 보여요.
맞아요, 많이 배울 수 있을 것 같아요.
우리 팀이 잘 해낼 거라고 믿어요.
그럼요, 함께 힘내봐요."
54,일반 대화,"어제 경기 봤어요?
네, 정말 흥미진진했어요.
그 선수 대단했죠?
맞아요, 마지막 순간이 인상적이었어요.
다음 경기도 기대돼요."
55,일반 대화,"이 책 읽어보셨어요?
아직 못 읽어봤어요.
정말 재미있어요. 추천해드릴게요.
감사합니다. 꼭 읽어볼게요.
읽고 나서 이야기해요."
56,일반 대화,"커피 마실래요?
네, 좋죠.
무슨 커피 좋아하세요?
저는 라떼요.
저도 라떼 좋아해요. 두 잔 주문할게요."
57,일반 대화,"이번 주말에 뭐 하세요?
특별한 계획은 없어요.
그럼 같이 드라이브 갈래요?
좋죠! 어디로 갈까요?
바닷가 쪽으로 가볼까요?"
58,일반 대화,"어제 경기 봤어요?
네, 정말 흥미진진했어요.
그 선수 대단했죠?
맞아요, 마지막 순간이 인상적이었어요.
다음 경기도 기대돼요."
59,일반 대화,"커피 마실래요?
네, 좋죠.
무슨 커피 좋아하세요?
저는 라떼요.
저도 라떼 좋아해요. 두 잔 주문할게요."
60,일반 대화,"점심 뭐 드실 거에요?
아직 고민 중이에요.
저도요. 추천해주실 만한 곳 있나요?
근처에 새로 생긴 식당이 있어요.
그럼 거기로 가볼까요?"
61,일반 대화,"오늘 날씨 정말 좋네요.
네, 산책하기 좋은 날씨에요.
어디 갈 계획 있으세요?
그냥 동네 한 바퀴 돌까 생각 중이에요.
좋네요. 같이 가요."
62,일반 대화,"커피 마실래요?
네, 좋죠.
무슨 커피 좋아하세요?
저는 라떼요.
저도 라떼 좋아해요. 두 잔 주문할게요."
63,일반 대화,"오늘 날씨 정말 좋네요.
네, 산책하기 좋은 날씨에요.
어디 갈 계획 있으세요?
그냥 동네 한 바퀴 돌까 생각 중이에요.
좋네요. 같이 가요."
64,일반 대화,"취미가 뭐에요?
저는 등산을 좋아해요.
정말요? 저도 등산 좋아해요.
다음에 같이 갈래요?
좋아요, 언제 갈까요?"
65,일반 대화,"새로운 식당 가봤어요?
네, 음식이 정말 맛있더라고요.
뭐가 제일 맛있었어요?
스테이크가 최고였어요.
다음에 저도 가봐야겠어요."
66,일반 대화,"새로운 프로젝트 어떻게 생각하세요?
도전적이지만 흥미로워 보여요.
맞아요, 많이 배울 수 있을 것 같아요.
우리 팀이 잘 해낼 거라고 믿어요.
그럼요, 함께 힘내봐요."
67,일반 대화,"점심 뭐 드실 거에요?
아직 고민 중이에요.
저도요. 추천해주실 만한 곳 있나요?
근처에 새로 생긴 식당이 있어요.
그럼 거기로 가볼까요?"
68,일반 대화,"이 책 읽어보셨어요?
아직 못 읽어봤어요.
정말 재미있어요. 추천해드릴게요.
감사합니다. 꼭 읽어볼게요.
읽고 나서 이야기해요."
69,일반 대화,"새로운 프로젝트 어떻게 생각하세요?
도전적이지만 흥미로워 보여요.
맞아요, 많이 배울 수 있을 것 같아요.
우리 팀이 잘 해낼 거라고 믿어요.
그럼요, 함께 힘내봐요."
70,일반 대화,"새로운 식당 가봤어요?
네, 음식이 정말 맛있더라고요.
뭐가 제일 맛있었어요?
스테이크가 최고였어요.
다음에 저도 가봐야겠어요."
71,일반 대화,"오늘 날씨 정말 좋네요.
네, 산책하기 좋은 날씨에요.
어디 갈 계획 있으세요?
그냥 동네 한 바퀴 돌까 생각 중이에요.
좋네요. 같이 가요."
72,일반 대화,"커피 마실래요?
네, 좋죠.
무슨 커피 좋아하세요?
저는 라떼요.
저도 라떼 좋아해요. 두 잔 주문할게요."
73,일반 대화,"어제 경기 봤어요?
네, 정말 흥미진진했어요.
그 선수 대단했죠?
맞아요, 마지막 순간이 인상적이었어요.
다음 경기도 기대돼요."
74,일반 대화,"커피 마실래요?
네, 좋죠.
무슨 커피 좋아하세요?
저는 라떼요.
저도 라떼 좋아해요. 두 잔 주문할게요."
75,일반 대화,"이 책 읽어보셨어요?
아직 못 읽어봤어요.
정말 재미있어요. 추천해드릴게요.
감사합니다. 꼭 읽어볼게요.
읽고 나서 이야기해요."
76,일반 대화,"커피 마실래요?
네, 좋죠.
무슨 커피 좋아하세요?
저는 라떼요.
저도 라떼 좋아해요. 두 잔 주문할게요."
77,일반 대화,"점심 뭐 드실 거에요?
아직 고민 중이에요.
저도요. 추천해주실 만한 곳 있나요?
근처에 새로 생긴 식당이 있어요.
그럼 거기로 가볼까요?"
78,일반 대화,"커피 마실래요?
네, 좋죠.
무슨 커피 좋아하세요?
저는 라떼요.
저도 라떼 좋아해요. 두 잔 주문할게요."
79,일반 대화,"이번 주말에 영화 보러 갈래요?
좋은 생각이에요. 어떤 영화요?
새로 개봉한 액션 영화요.
좋아요. 시간은 언제가 좋을까요?
오후 3시쯤 어때요?"
80,일반 대화,"오늘 날씨 정말 좋네요.
네, 산책하기 좋은 날씨에요.
어디 갈 계획 있으세요?
그냥 동네 한 바퀴 돌까 생각 중이에요.
좋네요. 같이 가요."
81,일반 대화,"커피 마실래요?
네, 좋죠.
무슨 커피 좋아하세요?
저는 라떼요.
저도 라떼 좋아해요. 두 잔 주문할게요."
82,일반 대화,"취미가 뭐에요?
저는 등산을 좋아해요.
정말요? 저도 등산 좋아해요.
다음에 같이 갈래요?
좋아요, 언제 갈까요?"
83,일반 대화,"커피 마실래요?
네, 좋죠.
무슨 커피 좋아하세요?
저는 라떼요.
저도 라떼 좋아해요. 두 잔 주문할게요."
84,일반 대화,"새로운 식당 가봤어요?
네, 음식이 정말 맛있더라고요.
뭐가 제일 맛있었어요?
스테이크가 최고였어요.
다음에 저도 가봐야겠어요."
85,일반 대화,"어제 경기 봤어요?
네, 정말 흥미진진했어요.
그 선수 대단했죠?
맞아요, 마지막 순간이 인상적이었어요.
다음 경기도 기대돼요."
86,일반 대화,"이번 주말에 영화 보러 갈래요?
좋은 생각이에요. 어떤 영화요?
새로 개봉한 액션 영화요.
좋아요. 시간은 언제가 좋을까요?
오후 3시쯤 어때요?"
87,일반 대화,"이 책 읽어보셨어요?
아직 못 읽어봤어요.
정말 재미있어요. 추천해드릴게요.
감사합니다. 꼭 읽어볼게요.
읽고 나서 이야기해요."
88,일반 대화,"취미가 뭐에요?
저는 등산을 좋아해요.
정말요? 저도 등산 좋아해요.
다음에 같이 갈래요?
좋아요, 언제 갈까요?"
89,일반 대화,"새로운 프로젝트 어떻게 생각하세요?
도전적이지만 흥미로워 보여요.
맞아요, 많이 배울 수 있을 것 같아요.
우리 팀이 잘 해낼 거라고 믿어요.
그럼요, 함께 힘내봐요."
90,일반 대화,"이 책 읽어보셨어요?
아직 못 읽어봤어요.
정말 재미있어요. 추천해드릴게요.
감사합니다. 꼭 읽어볼게요.
읽고 나서 이야기해요."
91,일반 대화,"이번 주말에 뭐 하세요?
특별한 계획은 없어요.
그럼 같이 드라이브 갈래요?
좋죠! 어디로 갈까요?
바닷가 쪽으로 가볼까요?"
92,일반 대화,"이번 주말에 뭐 하세요?
특별한 계획은 없어요.
그럼 같이 드라이브 갈래요?
좋죠! 어디로 갈까요?
바닷가 쪽으로 가볼까요?"
93,일반 대화,"이번 주말에 영화 보러 갈래요?
좋은 생각이에요. 어떤 영화요?
새로 개봉한 액션 영화요.
좋아요. 시간은 언제가 좋을까요?
오후 3시쯤 어때요?"
94,일반 대화,"오늘 날씨 정말 좋네요.
네, 산책하기 좋은 날씨에요.
어디 갈 계획 있으세요?
그냥 동네 한 바퀴 돌까 생각 중이에요.
좋네요. 같이 가요."
95,일반 대화,"커피 마실래요?
네, 좋죠.
무슨 커피 좋아하세요?
저는 라떼요.
저도 라떼 좋아해요. 두 잔 주문할게요."
96,일반 대화,"이번 주말에 영화 보러 갈래요?
좋은 생각이에요. 어떤 영화요?
새로 개봉한 액션 영화요.
좋아요. 시간은 언제가 좋을까요?
오후 3시쯤 어때요?"
97,일반 대화,"커피 마실래요?
네, 좋죠.
무슨 커피 좋아하세요?
저는 라떼요.
저도 라떼 좋아해요. 두 잔 주문할게요."
98,일반 대화,"이번 주말에 영화 보러 갈래요?
좋은 생각이에요. 어떤 영화요?
새로 개봉한 액션 영화요.
좋아요. 시간은 언제가 좋을까요?
오후 3시쯤 어때요?"
99,일반 대화,"새로운 식당 가봤어요?
네, 음식이 정말 맛있더라고요.
뭐가 제일 맛있었어요?
스테이크가 최고였어요.
다음에 저도 가봐야겠어요."
100,일반 대화,"오늘 날씨 정말 좋네요.
네, 산책하기 좋은 날씨에요.
어디 갈 계획 있으세요?
그냥 동네 한 바퀴 돌까 생각 중이에요.
좋네요. 같이 가요."
101,일반 대화,"커피 마실래요?
네, 좋죠.
무슨 커피 좋아하세요?
저는 라떼요.
저도 라떼 좋아해요. 두 잔 주문할게요."
102,일반 대화,"커피 마실래요?
네, 좋죠.
무슨 커피 좋아하세요?
저는 라떼요.
저도 라떼 좋아해요. 두 잔 주문할게요."
103,일반 대화,"이번 주말에 영화 보러 갈래요?
좋은 생각이에요. 어떤 영화요?
새로 개봉한 액션 영화요.
좋아요. 시간은 언제가 좋을까요?
오후 3시쯤 어때요?"
104,일반 대화,"이번 주말에 뭐 하세요?
특별한 계획은 없어요.
그럼 같이 드라이브 갈래요?
좋죠! 어디로 갈까요?
바닷가 쪽으로 가볼까요?"
105,일반 대화,"점심 뭐 드실 거에요?
아직 고민 중이에요.
저도요. 추천해주실 만한 곳 있나요?
근처에 새로 생긴 식당이 있어요.
그럼 거기로 가볼까요?"
106,일반 대화,"이번 주말에 영화 보러 갈래요?
좋은 생각이에요. 어떤 영화요?
새로 개봉한 액션 영화요.
좋아요. 시간은 언제가 좋을까요?
오후 3시쯤 어때요?"
107,일반 대화,"취미가 뭐에요?
저는 등산을 좋아해요.
정말요? 저도 등산 좋아해요.
다음에 같이 갈래요?
좋아요, 언제 갈까요?"
108,일반 대화,"새로운 식당 가봤어요?
네, 음식이 정말 맛있더라고요.
뭐가 제일 맛있었어요?
스테이크가 최고였어요.
다음에 저도 가봐야겠어요."
109,일반 대화,"취미가 뭐에요?
저는 등산을 좋아해요.
정말요? 저도 등산 좋아해요.
다음에 같이 갈래요?
좋아요, 언제 갈까요?"
110,일반 대화,"점심 뭐 드실 거에요?
아직 고민 중이에요.
저도요. 추천해주실 만한 곳 있나요?
근처에 새로 생긴 식당이 있어요.
그럼 거기로 가볼까요?"
111,일반 대화,"오늘 날씨 정말 좋네요.
네, 산책하기 좋은 날씨에요.
어디 갈 계획 있으세요?
그냥 동네 한 바퀴 돌까 생각 중이에요.
좋네요. 같이 가요."
112,일반 대화,"새로운 식당 가봤어요?
네, 음식이 정말 맛있더라고요.
뭐가 제일 맛있었어요?
스테이크가 최고였어요.
다음에 저도 가봐야겠어요."
113,일반 대화,"취미가 뭐에요?
저는 등산을 좋아해요.
정말요? 저도 등산 좋아해요.
다음에 같이 갈래요?
좋아요, 언제 갈까요?"
114,일반 대화,"새로운 식당 가봤어요?
네, 음식이 정말 맛있더라고요.
뭐가 제일 맛있었어요?
스테이크가 최고였어요.
다음에 저도 가봐야겠어요."
115,일반 대화,"이 책 읽어보셨어요?
아직 못 읽어봤어요.
정말 재미있어요. 추천해드릴게요.
감사합니다. 꼭 읽어볼게요.
읽고 나서 이야기해요."
116,일반 대화,"새로운 식당 가봤어요?
네, 음식이 정말 맛있더라고요.
뭐가 제일 맛있었어요?
스테이크가 최고였어요.
다음에 저도 가봐야겠어요."
117,일반 대화,"새로운 식당 가봤어요?
네, 음식이 정말 맛있더라고요.
뭐가 제일 맛있었어요?
스테이크가 최고였어요.
다음에 저도 가봐야겠어요."
118,일반 대화,"취미가 뭐에요?
저는 등산을 좋아해요.
정말요? 저도 등산 좋아해요.
다음에 같이 갈래요?
좋아요, 언제 갈까요?"
119,일반 대화,"새로운 프로젝트 어떻게 생각하세요?
도전적이지만 흥미로워 보여요.
맞아요, 많이 배울 수 있을 것 같아요.
우리 팀이 잘 해낼 거라고 믿어요.
그럼요, 함께 힘내봐요."
120,일반 대화,"취미가 뭐에요?
저는 등산을 좋아해요.
정말요? 저도 등산 좋아해요.
다음에 같이 갈래요?
좋아요, 언제 갈까요?"
121,일반 대화,"이번 주말에 영화 보러 갈래요?
좋은 생각이에요. 어떤 영화요?
새로 개봉한 액션 영화요.
좋아요. 시간은 언제가 좋을까요?
오후 3시쯤 어때요?"
122,일반 대화,"새로운 프로젝트 어떻게 생각하세요?
도전적이지만 흥미로워 보여요.
맞아요, 많이 배울 수 있을 것 같아요.
우리 팀이 잘 해낼 거라고 믿어요.
그럼요, 함께 힘내봐요."
123,일반 대화,"이 책 읽어보셨어요?
아직 못 읽어봤어요.
정말 재미있어요. 추천해드릴게요.
감사합니다. 꼭 읽어볼게요.
읽고 나서 이야기해요."
124,일반 대화,"이번 주말에 뭐 하세요?
특별한 계획은 없어요.
그럼 같이 드라이브 갈래요?
좋죠! 어디로 갈까요?
바닷가 쪽으로 가볼까요?"
125,일반 대화,"어제 경기 봤어요?
네, 정말 흥미진진했어요.
그 선수 대단했죠?
맞아요, 마지막 순간이 인상적이었어요.
다음 경기도 기대돼요."
126,일반 대화,"커피 마실래요?
네, 좋죠.
무슨 커피 좋아하세요?
저는 라떼요.
저도 라떼 좋아해요. 두 잔 주문할게요."
127,일반 대화,"취미가 뭐에요?
저는 등산을 좋아해요.
정말요? 저도 등산 좋아해요.
다음에 같이 갈래요?
좋아요, 언제 갈까요?"
128,일반 대화,"이번 주말에 뭐 하세요?
특별한 계획은 없어요.
그럼 같이 드라이브 갈래요?
좋죠! 어디로 갈까요?
바닷가 쪽으로 가볼까요?"
129,일반 대화,"새로운 식당 가봤어요?
네, 음식이 정말 맛있더라고요.
뭐가 제일 맛있었어요?
스테이크가 최고였어요.
다음에 저도 가봐야겠어요."
130,일반 대화,"커피 마실래요?
네, 좋죠.
무슨 커피 좋아하세요?
저는 라떼요.
저도 라떼 좋아해요. 두 잔 주문할게요."
131,일반 대화,"취미가 뭐에요?
저는 등산을 좋아해요.
정말요? 저도 등산 좋아해요.
다음에 같이 갈래요?
좋아요, 언제 갈까요?"
132,일반 대화,"점심 뭐 드실 거에요?
아직 고민 중이에요.
저도요. 추천해주실 만한 곳 있나요?
근처에 새로 생긴 식당이 있어요.
그럼 거기로 가볼까요?"
133,일반 대화,"어제 경기 봤어요?
네, 정말 흥미진진했어요.
그 선수 대단했죠?
맞아요, 마지막 순간이 인상적이었어요.
다음 경기도 기대돼요."
134,일반 대화,"점심 뭐 드실 거에요?
아직 고민 중이에요.
저도요. 추천해주실 만한 곳 있나요?
근처에 새로 생긴 식당이 있어요.
그럼 거기로 가볼까요?"
135,일반 대화,"오늘 날씨 정말 좋네요.
네, 산책하기 좋은 날씨에요.
어디 갈 계획 있으세요?
그냥 동네 한 바퀴 돌까 생각 중이에요.
좋네요. 같이 가요."
136,일반 대화,"새로운 프로젝트 어떻게 생각하세요?
도전적이지만 흥미로워 보여요.
맞아요, 많이 배울 수 있을 것 같아요.
우리 팀이 잘 해낼 거라고 믿어요.
그럼요, 함께 힘내봐요."
137,일반 대화,"점심 뭐 드실 거에요?
아직 고민 중이에요.
저도요. 추천해주실 만한 곳 있나요?
근처에 새로 생긴 식당이 있어요.
그럼 거기로 가볼까요?"
138,일반 대화,"이 책 읽어보셨어요?
아직 못 읽어봤어요.
정말 재미있어요. 추천해드릴게요.
감사합니다. 꼭 읽어볼게요.
읽고 나서 이야기해요."
139,일반 대화,"오늘 날씨 정말 좋네요.
네, 산책하기 좋은 날씨에요.
어디 갈 계획 있으세요?
그냥 동네 한 바퀴 돌까 생각 중이에요.
좋네요. 같이 가요."
140,일반 대화,"새로운 식당 가봤어요?
네, 음식이 정말 맛있더라고요.
뭐가 제일 맛있었어요?
스테이크가 최고였어요.
다음에 저도 가봐야겠어요."
141,일반 대화,"새로운 식당 가봤어요?
네, 음식이 정말 맛있더라고요.
뭐가 제일 맛있었어요?
스테이크가 최고였어요.
다음에 저도 가봐야겠어요."
142,일반 대화,"새로운 프로젝트 어떻게 생각하세요?
도전적이지만 흥미로워 보여요.
맞아요, 많이 배울 수 있을 것 같아요.
우리 팀이 잘 해낼 거라고 믿어요.
그럼요, 함께 힘내봐요."
143,일반 대화,"점심 뭐 드실 거에요?
아직 고민 중이에요.
저도요. 추천해주실 만한 곳 있나요?
근처에 새로 생긴 식당이 있어요.
그럼 거기로 가볼까요?"
144,일반 대화,"어제 경기 봤어요?
네, 정말 흥미진진했어요.
그 선수 대단했죠?
맞아요, 마지막 순간이 인상적이었어요.
다음 경기도 기대돼요."
145,일반 대화,"커피 마실래요?
네, 좋죠.
무슨 커피 좋아하세요?
저는 라떼요.
저도 라떼 좋아해요. 두 잔 주문할게요."
146,일반 대화,"이번 주말에 영화 보러 갈래요?
좋은 생각이에요. 어떤 영화요?
새로 개봉한 액션 영화요.
좋아요. 시간은 언제가 좋을까요?
오후 3시쯤 어때요?"
147,일반 대화,"오늘 날씨 정말 좋네요.
네, 산책하기 좋은 날씨에요.
어디 갈 계획 있으세요?
그냥 동네 한 바퀴 돌까 생각 중이에요.
좋네요. 같이 가요."
148,일반 대화,"이번 주말에 뭐 하세요?
특별한 계획은 없어요.
그럼 같이 드라이브 갈래요?
좋죠! 어디로 갈까요?
바닷가 쪽으로 가볼까요?"
149,일반 대화,"어제 경기 봤어요?
네, 정말 흥미진진했어요.
그 선수 대단했죠?
맞아요, 마지막 순간이 인상적이었어요.
다음 경기도 기대돼요."
150,일반 대화,"오늘 날씨 정말 좋네요.
네, 산책하기 좋은 날씨에요.
어디 갈 계획 있으세요?
그냥 동네 한 바퀴 돌까 생각 중이에요.
좋네요. 같이 가요."
151,일반 대화,"이번 주말에 뭐 하세요?
특별한 계획은 없어요.
그럼 같이 드라이브 갈래요?
좋죠! 어디로 갈까요?
바닷가 쪽으로 가볼까요?"
152,일반 대화,"커피 마실래요?
네, 좋죠.
무슨 커피 좋아하세요?
저는 라떼요.
저도 라떼 좋아해요. 두 잔 주문할게요."
153,일반 대화,"이번 주말에 영화 보러 갈래요?
좋은 생각이에요. 어떤 영화요?
새로 개봉한 액션 영화요.
좋아요. 시간은 언제가 좋을까요?
오후 3시쯤 어때요?"
154,일반 대화,"점심 뭐 드실 거에요?
아직 고민 중이에요.
저도요. 추천해주실 만한 곳 있나요?
근처에 새로 생긴 식당이 있어요.
그럼 거기로 가볼까요?"
155,일반 대화,"새로운 식당 가봤어요?
네, 음식이 정말 맛있더라고요.
뭐가 제일 맛있었어요?
스테이크가 최고였어요.
다음에 저도 가봐야겠어요."
156,일반 대화,"어제 경기 봤어요?
네, 정말 흥미진진했어요.
그 선수 대단했죠?
맞아요, 마지막 순간이 인상적이었어요.
다음 경기도 기대돼요."
157,일반 대화,"이번 주말에 뭐 하세요?
특별한 계획은 없어요.
그럼 같이 드라이브 갈래요?
좋죠! 어디로 갈까요?
바닷가 쪽으로 가볼까요?"
158,일반 대화,"점심 뭐 드실 거에요?
아직 고민 중이에요.
저도요. 추천해주실 만한 곳 있나요?
근처에 새로 생긴 식당이 있어요.
그럼 거기로 가볼까요?"
159,일반 대화,"이번 주말에 뭐 하세요?
특별한 계획은 없어요.
그럼 같이 드라이브 갈래요?
좋죠! 어디로 갈까요?
바닷가 쪽으로 가볼까요?"
160,일반 대화,"새로운 식당 가봤어요?
네, 음식이 정말 맛있더라고요.
뭐가 제일 맛있었어요?
스테이크가 최고였어요.
다음에 저도 가봐야겠어요."
161,일반 대화,"오늘 날씨 정말 좋네요.
네, 산책하기 좋은 날씨에요.
어디 갈 계획 있으세요?
그냥 동네 한 바퀴 돌까 생각 중이에요.
좋네요. 같이 가요."
162,일반 대화,"이번 주말에 뭐 하세요?
특별한 계획은 없어요.
그럼 같이 드라이브 갈래요?
좋죠! 어디로 갈까요?
바닷가 쪽으로 가볼까요?"
163,일반 대화,"커피 마실래요?
네, 좋죠.
무슨 커피 좋아하세요?
저는 라떼요.
저도 라떼 좋아해요. 두 잔 주문할게요."
164,일반 대화,"이 책 읽어보셨어요?
아직 못 읽어봤어요.
정말 재미있어요. 추천해드릴게요.
감사합니다. 꼭 읽어볼게요.
읽고 나서 이야기해요."
165,일반 대화,"커피 마실래요?
네, 좋죠.
무슨 커피 좋아하세요?
저는 라떼요.
저도 라떼 좋아해요. 두 잔 주문할게요."
166,일반 대화,"커피 마실래요?
네, 좋죠.
무슨 커피 좋아하세요?
저는 라떼요.
저도 라떼 좋아해요. 두 잔 주문할게요."
167,일반 대화,"새로운 프로젝트 어떻게 생각하세요?
도전적이지만 흥미로워 보여요.
맞아요, 많이 배울 수 있을 것 같아요.
우리 팀이 잘 해낼 거라고 믿어요.
그럼요, 함께 힘내봐요."
168,일반 대화,"이번 주말에 영화 보러 갈래요?
좋은 생각이에요. 어떤 영화요?
새로 개봉한 액션 영화요.
좋아요. 시간은 언제가 좋을까요?
오후 3시쯤 어때요?"
169,일반 대화,"이번 주말에 뭐 하세요?
특별한 계획은 없어요.
그럼 같이 드라이브 갈래요?
좋죠! 어디로 갈까요?
바닷가 쪽으로 가볼까요?"
170,일반 대화,"취미가 뭐에요?
저는 등산을 좋아해요.
정말요? 저도 등산 좋아해요.
다음에 같이 갈래요?
좋아요, 언제 갈까요?"
171,일반 대화,"점심 뭐 드실 거에요?
아직 고민 중이에요.
저도요. 추천해주실 만한 곳 있나요?
근처에 새로 생긴 식당이 있어요.
그럼 거기로 가볼까요?"
172,일반 대화,"점심 뭐 드실 거에요?
아직 고민 중이에요.
저도요. 추천해주실 만한 곳 있나요?
근처에 새로 생긴 식당이 있어요.
그럼 거기로 가볼까요?"
173,일반 대화,"이 책 읽어보셨어요?
아직 못 읽어봤어요.
정말 재미있어요. 추천해드릴게요.
감사합니다. 꼭 읽어볼게요.
읽고 나서 이야기해요."
174,일반 대화,"어제 경기 봤어요?
네, 정말 흥미진진했어요.
그 선수 대단했죠?
맞아요, 마지막 순간이 인상적이었어요.
다음 경기도 기대돼요."
175,일반 대화,"취미가 뭐에요?
저는 등산을 좋아해요.
정말요? 저도 등산 좋아해요.
다음에 같이 갈래요?
좋아요, 언제 갈까요?"
176,일반 대화,"이번 주말에 뭐 하세요?
특별한 계획은 없어요.
그럼 같이 드라이브 갈래요?
좋죠! 어디로 갈까요?
바닷가 쪽으로 가볼까요?"
177,일반 대화,"점심 뭐 드실 거에요?
아직 고민 중이에요.
저도요. 추천해주실 만한 곳 있나요?
근처에 새로 생긴 식당이 있어요.
그럼 거기로 가볼까요?"
178,일반 대화,"이 책 읽어보셨어요?
아직 못 읽어봤어요.
정말 재미있어요. 추천해드릴게요.
감사합니다. 꼭 읽어볼게요.
읽고 나서 이야기해요."
179,일반 대화,"오늘 날씨 정말 좋네요.
네, 산책하기 좋은 날씨에요.
어디 갈 계획 있으세요?
그냥 동네 한 바퀴 돌까 생각 중이에요.
좋네요. 같이 가요."
180,일반 대화,"커피 마실래요?
네, 좋죠.
무슨 커피 좋아하세요?
저는 라떼요.
저도 라떼 좋아해요. 두 잔 주문할게요."
181,일반 대화,"어제 경기 봤어요?
네, 정말 흥미진진했어요.
그 선수 대단했죠?
맞아요, 마지막 순간이 인상적이었어요.
다음 경기도 기대돼요."
182,일반 대화,"이 책 읽어보셨어요?
아직 못 읽어봤어요.
정말 재미있어요. 추천해드릴게요.
감사합니다. 꼭 읽어볼게요.
읽고 나서 이야기해요."
183,일반 대화,"이번 주말에 뭐 하세요?
특별한 계획은 없어요.
그럼 같이 드라이브 갈래요?
좋죠! 어디로 갈까요?
바닷가 쪽으로 가볼까요?"
184,일반 대화,"커피 마실래요?
네, 좋죠.
무슨 커피 좋아하세요?
저는 라떼요.
저도 라떼 좋아해요. 두 잔 주문할게요."
185,일반 대화,"이 책 읽어보셨어요?
아직 못 읽어봤어요.
정말 재미있어요. 추천해드릴게요.
감사합니다. 꼭 읽어볼게요.
읽고 나서 이야기해요."
186,일반 대화,"새로운 프로젝트 어떻게 생각하세요?
도전적이지만 흥미로워 보여요.
맞아요, 많이 배울 수 있을 것 같아요.
우리 팀이 잘 해낼 거라고 믿어요.
그럼요, 함께 힘내봐요."
187,일반 대화,"이 책 읽어보셨어요?
아직 못 읽어봤어요.
정말 재미있어요. 추천해드릴게요.
감사합니다. 꼭 읽어볼게요.
읽고 나서 이야기해요."
188,일반 대화,"취미가 뭐에요?
저는 등산을 좋아해요.
정말요? 저도 등산 좋아해요.
다음에 같이 갈래요?
좋아요, 언제 갈까요?"
189,일반 대화,"새로운 프로젝트 어떻게 생각하세요?
도전적이지만 흥미로워 보여요.
맞아요, 많이 배울 수 있을 것 같아요.
우리 팀이 잘 해낼 거라고 믿어요.
그럼요, 함께 힘내봐요."
190,일반 대화,"새로운 식당 가봤어요?
네, 음식이 정말 맛있더라고요.
뭐가 제일 맛있었어요?
스테이크가 최고였어요.
다음에 저도 가봐야겠어요."
191,일반 대화,"어제 경기 봤어요?
네, 정말 흥미진진했어요.
그 선수 대단했죠?
맞아요, 마지막 순간이 인상적이었어요.
다음 경기도 기대돼요."
192,일반 대화,"커피 마실래요?
네, 좋죠.
무슨 커피 좋아하세요?
저는 라떼요.
저도 라떼 좋아해요. 두 잔 주문할게요."
193,일반 대화,"어제 경기 봤어요?
네, 정말 흥미진진했어요.
그 선수 대단했죠?
맞아요, 마지막 순간이 인상적이었어요.
다음 경기도 기대돼요."
194,일반 대화,"점심 뭐 드실 거에요?
아직 고민 중이에요.
저도요. 추천해주실 만한 곳 있나요?
근처에 새로 생긴 식당이 있어요.
그럼 거기로 가볼까요?"
195,일반 대화,"새로운 프로젝트 어떻게 생각하세요?
도전적이지만 흥미로워 보여요.
맞아요, 많이 배울 수 있을 것 같아요.
우리 팀이 잘 해낼 거라고 믿어요.
그럼요, 함께 힘내봐요."
196,일반 대화,"새로운 식당 가봤어요?
네, 음식이 정말 맛있더라고요.
뭐가 제일 맛있었어요?
스테이크가 최고였어요.
다음에 저도 가봐야겠어요."
197,일반 대화,"오늘 날씨 정말 좋네요.
네, 산책하기 좋은 날씨에요.
어디 갈 계획 있으세요?
그냥 동네 한 바퀴 돌까 생각 중이에요.
좋네요. 같이 가요."
198,일반 대화,"이번 주말에 뭐 하세요?
특별한 계획은 없어요.
그럼 같이 드라이브 갈래요?
좋죠! 어디로 갈까요?
바닷가 쪽으로 가볼까요?"
199,일반 대화,"이번 주말에 영화 보러 갈래요?
좋은 생각이에요. 어떤 영화요?
새로 개봉한 액션 영화요.
좋아요. 시간은 언제가 좋을까요?
오후 3시쯤 어때요?"
200,일반 대화,"커피 마실래요?
네, 좋죠.
무슨 커피 좋아하세요?
저는 라떼요.
저도 라떼 좋아해요. 두 잔 주문할게요."
201,일반 대화,"이번 주말에 뭐 하세요?
특별한 계획은 없어요.
그럼 같이 드라이브 갈래요?
좋죠! 어디로 갈까요?
바닷가 쪽으로 가볼까요?"
202,일반 대화,"새로운 식당 가봤어요?
네, 음식이 정말 맛있더라고요.
뭐가 제일 맛있었어요?
스테이크가 최고였어요.
다음에 저도 가봐야겠어요."
203,일반 대화,"어제 경기 봤어요?
네, 정말 흥미진진했어요.
그 선수 대단했죠?
맞아요, 마지막 순간이 인상적이었어요.
다음 경기도 기대돼요."
204,일반 대화,"오늘 날씨 정말 좋네요.
네, 산책하기 좋은 날씨에요.
어디 갈 계획 있으세요?
그냥 동네 한 바퀴 돌까 생각 중이에요.
좋네요. 같이 가요."
205,일반 대화,"오늘 날씨 정말 좋네요.
네, 산책하기 좋은 날씨에요.
어디 갈 계획 있으세요?
그냥 동네 한 바퀴 돌까 생각 중이에요.
좋네요. 같이 가요."
206,일반 대화,"새로운 프로젝트 어떻게 생각하세요?
도전적이지만 흥미로워 보여요.
맞아요, 많이 배울 수 있을 것 같아요.
우리 팀이 잘 해낼 거라고 믿어요.
그럼요, 함께 힘내봐요."
207,일반 대화,"새로운 프로젝트 어떻게 생각하세요?
도전적이지만 흥미로워 보여요.
맞아요, 많이 배울 수 있을 것 같아요.
우리 팀이 잘 해낼 거라고 믿어요.
그럼요, 함께 힘내봐요."
208,일반 대화,"점심 뭐 드실 거에요?
아직 고민 중이에요.
저도요. 추천해주실 만한 곳 있나요?
근처에 새로 생긴 식당이 있어요.
그럼 거기로 가볼까요?"
209,일반 대화,"이번 주말에 영화 보러 갈래요?
좋은 생각이에요. 어떤 영화요?
새로 개봉한 액션 영화요.
좋아요. 시간은 언제가 좋을까요?
오후 3시쯤 어때요?"
210,일반 대화,"새로운 식당 가봤어요?
네, 음식이 정말 맛있더라고요.
뭐가 제일 맛있었어요?
스테이크가 최고였어요.
다음에 저도 가봐야겠어요."
211,일반 대화,"취미가 뭐에요?
저는 등산을 좋아해요.
정말요? 저도 등산 좋아해요.
다음에 같이 갈래요?
좋아요, 언제 갈까요?"
212,일반 대화,"점심 뭐 드실 거에요?
아직 고민 중이에요.
저도요. 추천해주실 만한 곳 있나요?
근처에 새로 생긴 식당이 있어요.
그럼 거기로 가볼까요?"
213,일반 대화,"새로운 식당 가봤어요?
네, 음식이 정말 맛있더라고요.
뭐가 제일 맛있었어요?
스테이크가 최고였어요.
다음에 저도 가봐야겠어요."
214,일반 대화,"오늘 날씨 정말 좋네요.
네, 산책하기 좋은 날씨에요.
어디 갈 계획 있으세요?
그냥 동네 한 바퀴 돌까 생각 중이에요.
좋네요. 같이 가요."
215,일반 대화,"커피 마실래요?
네, 좋죠.
무슨 커피 좋아하세요?
저는 라떼요.
저도 라떼 좋아해요. 두 잔 주문할게요."
216,일반 대화,"새로운 식당 가봤어요?
네, 음식이 정말 맛있더라고요.
뭐가 제일 맛있었어요?
스테이크가 최고였어요.
다음에 저도 가봐야겠어요."
217,일반 대화,"이번 주말에 영화 보러 갈래요?
좋은 생각이에요. 어떤 영화요?
새로 개봉한 액션 영화요.
좋아요. 시간은 언제가 좋을까요?
오후 3시쯤 어때요?"
218,일반 대화,"이번 주말에 뭐 하세요?
특별한 계획은 없어요.
그럼 같이 드라이브 갈래요?
좋죠! 어디로 갈까요?
바닷가 쪽으로 가볼까요?"
219,일반 대화,"이번 주말에 뭐 하세요?
특별한 계획은 없어요.
그럼 같이 드라이브 갈래요?
좋죠! 어디로 갈까요?
바닷가 쪽으로 가볼까요?"
220,일반 대화,"어제 경기 봤어요?
네, 정말 흥미진진했어요.
그 선수 대단했죠?
맞아요, 마지막 순간이 인상적이었어요.
다음 경기도 기대돼요."
221,일반 대화,"이 책 읽어보셨어요?
아직 못 읽어봤어요.
정말 재미있어요. 추천해드릴게요.
감사합니다. 꼭 읽어볼게요.
읽고 나서 이야기해요."
222,일반 대화,"이 책 읽어보셨어요?
아직 못 읽어봤어요.
정말 재미있어요. 추천해드릴게요.
감사합니다. 꼭 읽어볼게요.
읽고 나서 이야기해요."
223,일반 대화,"커피 마실래요?
네, 좋죠.
무슨 커피 좋아하세요?
저는 라떼요.
저도 라떼 좋아해요. 두 잔 주문할게요."
224,일반 대화,"취미가 뭐에요?
저는 등산을 좋아해요.
정말요? 저도 등산 좋아해요.
다음에 같이 갈래요?
좋아요, 언제 갈까요?"
225,일반 대화,"이 책 읽어보셨어요?
아직 못 읽어봤어요.
정말 재미있어요. 추천해드릴게요.
감사합니다. 꼭 읽어볼게요.
읽고 나서 이야기해요."
226,일반 대화,"이 책 읽어보셨어요?
아직 못 읽어봤어요.
정말 재미있어요. 추천해드릴게요.
감사합니다. 꼭 읽어볼게요.
읽고 나서 이야기해요."
227,일반 대화,"이번 주말에 영화 보러 갈래요?
좋은 생각이에요. 어떤 영화요?
새로 개봉한 액션 영화요.
좋아요. 시간은 언제가 좋을까요?
오후 3시쯤 어때요?"
228,일반 대화,"커피 마실래요?
네, 좋죠.
무슨 커피 좋아하세요?
저는 라떼요.
저도 라떼 좋아해요. 두 잔 주문할게요."
229,일반 대화,"이번 주말에 뭐 하세요?
특별한 계획은 없어요.
그럼 같이 드라이브 갈래요?
좋죠! 어디로 갈까요?
바닷가 쪽으로 가볼까요?"
230,일반 대화,"취미가 뭐에요?
저는 등산을 좋아해요.
정말요? 저도 등산 좋아해요.
다음에 같이 갈래요?
좋아요, 언제 갈까요?"
231,일반 대화,"새로운 프로젝트 어떻게 생각하세요?
도전적이지만 흥미로워 보여요.
맞아요, 많이 배울 수 있을 것 같아요.
우리 팀이 잘 해낼 거라고 믿어요.
그럼요, 함께 힘내봐요."
232,일반 대화,"점심 뭐 드실 거에요?
아직 고민 중이에요.
저도요. 추천해주실 만한 곳 있나요?
근처에 새로 생긴 식당이 있어요.
그럼 거기로 가볼까요?"
233,일반 대화,"새로운 프로젝트 어떻게 생각하세요?
도전적이지만 흥미로워 보여요.
맞아요, 많이 배울 수 있을 것 같아요.
우리 팀이 잘 해낼 거라고 믿어요.
그럼요, 함께 힘내봐요."
234,일반 대화,"커피 마실래요?
네, 좋죠.
무슨 커피 좋아하세요?
저는 라떼요.
저도 라떼 좋아해요. 두 잔 주문할게요."
235,일반 대화,"오늘 날씨 정말 좋네요.
네, 산책하기 좋은 날씨에요.
어디 갈 계획 있으세요?
그냥 동네 한 바퀴 돌까 생각 중이에요.
좋네요. 같이 가요."
236,일반 대화,"새로운 식당 가봤어요?
네, 음식이 정말 맛있더라고요.
뭐가 제일 맛있었어요?
스테이크가 최고였어요.
다음에 저도 가봐야겠어요."
237,일반 대화,"새로운 식당 가봤어요?
네, 음식이 정말 맛있더라고요.
뭐가 제일 맛있었어요?
스테이크가 최고였어요.
다음에 저도 가봐야겠어요."
238,일반 대화,"새로운 프로젝트 어떻게 생각하세요?
도전적이지만 흥미로워 보여요.
맞아요, 많이 배울 수 있을 것 같아요.
우리 팀이 잘 해낼 거라고 믿어요.
그럼요, 함께 힘내봐요."
239,일반 대화,"이번 주말에 뭐 하세요?
특별한 계획은 없어요.
그럼 같이 드라이브 갈래요?
좋죠! 어디로 갈까요?
바닷가 쪽으로 가볼까요?"
240,일반 대화,"이번 주말에 뭐 하세요?
특별한 계획은 없어요.
그럼 같이 드라이브 갈래요?
좋죠! 어디로 갈까요?
바닷가 쪽으로 가볼까요?"
241,일반 대화,"오늘 날씨 정말 좋네요.
네, 산책하기 좋은 날씨에요.
어디 갈 계획 있으세요?
그냥 동네 한 바퀴 돌까 생각 중이에요.
좋네요. 같이 가요."
242,일반 대화,"새로운 식당 가봤어요?
네, 음식이 정말 맛있더라고요.
뭐가 제일 맛있었어요?
스테이크가 최고였어요.
다음에 저도 가봐야겠어요."
243,일반 대화,"커피 마실래요?
네, 좋죠.
무슨 커피 좋아하세요?
저는 라떼요.
저도 라떼 좋아해요. 두 잔 주문할게요."
244,일반 대화,"커피 마실래요?
네, 좋죠.
무슨 커피 좋아하세요?
저는 라떼요.
저도 라떼 좋아해요. 두 잔 주문할게요."
245,일반 대화,"새로운 프로젝트 어떻게 생각하세요?
도전적이지만 흥미로워 보여요.
맞아요, 많이 배울 수 있을 것 같아요.
우리 팀이 잘 해낼 거라고 믿어요.
그럼요, 함께 힘내봐요."
246,일반 대화,"점심 뭐 드실 거에요?
아직 고민 중이에요.
저도요. 추천해주실 만한 곳 있나요?
근처에 새로 생긴 식당이 있어요.
그럼 거기로 가볼까요?"
247,일반 대화,"취미가 뭐에요?
저는 등산을 좋아해요.
정말요? 저도 등산 좋아해요.
다음에 같이 갈래요?
좋아요, 언제 갈까요?"
248,일반 대화,"커피 마실래요?
네, 좋죠.
무슨 커피 좋아하세요?
저는 라떼요.
저도 라떼 좋아해요. 두 잔 주문할게요."
249,일반 대화,"새로운 식당 가봤어요?
네, 음식이 정말 맛있더라고요.
뭐가 제일 맛있었어요?
스테이크가 최고였어요.
다음에 저도 가봐야겠어요."
250,일반 대화,"새로운 식당 가봤어요?
네, 음식이 정말 맛있더라고요.
뭐가 제일 맛있었어요?
스테이크가 최고였어요.
다음에 저도 가봐야겠어요."
251,일반 대화,"점심 뭐 드실 거에요?
아직 고민 중이에요.
저도요. 추천해주실 만한 곳 있나요?
근처에 새로 생긴 식당이 있어요.
그럼 거기로 가볼까요?"
252,일반 대화,"어제 경기 봤어요?
네, 정말 흥미진진했어요.
그 선수 대단했죠?
맞아요, 마지막 순간이 인상적이었어요.
다음 경기도 기대돼요."
253,일반 대화,"오늘 날씨 정말 좋네요.
네, 산책하기 좋은 날씨에요.
어디 갈 계획 있으세요?
그냥 동네 한 바퀴 돌까 생각 중이에요.
좋네요. 같이 가요."
254,일반 대화,"이번 주말에 영화 보러 갈래요?
좋은 생각이에요. 어떤 영화요?
새로 개봉한 액션 영화요.
좋아요. 시간은 언제가 좋을까요?
오후 3시쯤 어때요?"
255,일반 대화,"오늘 날씨 정말 좋네요.
네, 산책하기 좋은 날씨에요.
어디 갈 계획 있으세요?
그냥 동네 한 바퀴 돌까 생각 중이에요.
좋네요. 같이 가요."
256,일반 대화,"오늘 날씨 정말 좋네요.
네, 산책하기 좋은 날씨에요.
어디 갈 계획 있으세요?
그냥 동네 한 바퀴 돌까 생각 중이에요.
좋네요. 같이 가요."
257,일반 대화,"이번 주말에 뭐 하세요?
특별한 계획은 없어요.
그럼 같이 드라이브 갈래요?
좋죠! 어디로 갈까요?
바닷가 쪽으로 가볼까요?"
258,일반 대화,"새로운 프로젝트 어떻게 생각하세요?
도전적이지만 흥미로워 보여요.
맞아요, 많이 배울 수 있을 것 같아요.
우리 팀이 잘 해낼 거라고 믿어요.
그럼요, 함께 힘내봐요."
259,일반 대화,"취미가 뭐에요?
저는 등산을 좋아해요.
정말요? 저도 등산 좋아해요.
다음에 같이 갈래요?
좋아요, 언제 갈까요?"
260,일반 대화,"오늘 날씨 정말 좋네요.
네, 산책하기 좋은 날씨에요.
어디 갈 계획 있으세요?
그냥 동네 한 바퀴 돌까 생각 중이에요.
좋네요. 같이 가요."
261,일반 대화,"커피 마실래요?
네, 좋죠.
무슨 커피 좋아하세요?
저는 라떼요.
저도 라떼 좋아해요. 두 잔 주문할게요."
262,일반 대화,"새로운 프로젝트 어떻게 생각하세요?
도전적이지만 흥미로워 보여요.
맞아요, 많이 배울 수 있을 것 같아요.
우리 팀이 잘 해낼 거라고 믿어요.
그럼요, 함께 힘내봐요."
263,일반 대화,"오늘 날씨 정말 좋네요.
네, 산책하기 좋은 날씨에요.
어디 갈 계획 있으세요?
그냥 동네 한 바퀴 돌까 생각 중이에요.
좋네요. 같이 가요."
264,일반 대화,"커피 마실래요?
네, 좋죠.
무슨 커피 좋아하세요?
저는 라떼요.
저도 라떼 좋아해요. 두 잔 주문할게요."
265,일반 대화,"오늘 날씨 정말 좋네요.
네, 산책하기 좋은 날씨에요.
어디 갈 계획 있으세요?
그냥 동네 한 바퀴 돌까 생각 중이에요.
좋네요. 같이 가요."
266,일반 대화,"이번 주말에 영화 보러 갈래요?
좋은 생각이에요. 어떤 영화요?
새로 개봉한 액션 영화요.
좋아요. 시간은 언제가 좋을까요?
오후 3시쯤 어때요?"
267,일반 대화,"오늘 날씨 정말 좋네요.
네, 산책하기 좋은 날씨에요.
어디 갈 계획 있으세요?
그냥 동네 한 바퀴 돌까 생각 중이에요.
좋네요. 같이 가요."
268,일반 대화,"이번 주말에 뭐 하세요?
특별한 계획은 없어요.
그럼 같이 드라이브 갈래요?
좋죠! 어디로 갈까요?
바닷가 쪽으로 가볼까요?"
269,일반 대화,"점심 뭐 드실 거에요?
아직 고민 중이에요.
저도요. 추천해주실 만한 곳 있나요?
근처에 새로 생긴 식당이 있어요.
그럼 거기로 가볼까요?"
270,일반 대화,"새로운 식당 가봤어요?
네, 음식이 정말 맛있더라고요.
뭐가 제일 맛있었어요?
스테이크가 최고였어요.
다음에 저도 가봐야겠어요."
271,일반 대화,"새로운 프로젝트 어떻게 생각하세요?
도전적이지만 흥미로워 보여요.
맞아요, 많이 배울 수 있을 것 같아요.
우리 팀이 잘 해낼 거라고 믿어요.
그럼요, 함께 힘내봐요."
272,일반 대화,"이 책 읽어보셨어요?
아직 못 읽어봤어요.
정말 재미있어요. 추천해드릴게요.
감사합니다. 꼭 읽어볼게요.
읽고 나서 이야기해요."
273,일반 대화,"커피 마실래요?
네, 좋죠.
무슨 커피 좋아하세요?
저는 라떼요.
저도 라떼 좋아해요. 두 잔 주문할게요."
274,일반 대화,"이번 주말에 뭐 하세요?
특별한 계획은 없어요.
그럼 같이 드라이브 갈래요?
좋죠! 어디로 갈까요?
바닷가 쪽으로 가볼까요?"
275,일반 대화,"어제 경기 봤어요?
네, 정말 흥미진진했어요.
그 선수 대단했죠?
맞아요, 마지막 순간이 인상적이었어요.
다음 경기도 기대돼요."
276,일반 대화,"오늘 날씨 정말 좋네요.
네, 산책하기 좋은 날씨에요.
어디 갈 계획 있으세요?
그냥 동네 한 바퀴 돌까 생각 중이에요.
좋네요. 같이 가요."
277,일반 대화,"이번 주말에 뭐 하세요?
특별한 계획은 없어요.
그럼 같이 드라이브 갈래요?
좋죠! 어디로 갈까요?
바닷가 쪽으로 가볼까요?"
278,일반 대화,"새로운 프로젝트 어떻게 생각하세요?
도전적이지만 흥미로워 보여요.
맞아요, 많이 배울 수 있을 것 같아요.
우리 팀이 잘 해낼 거라고 믿어요.
그럼요, 함께 힘내봐요."
279,일반 대화,"어제 경기 봤어요?
네, 정말 흥미진진했어요.
그 선수 대단했죠?
맞아요, 마지막 순간이 인상적이었어요.
다음 경기도 기대돼요."
280,일반 대화,"새로운 식당 가봤어요?
네, 음식이 정말 맛있더라고요.
뭐가 제일 맛있었어요?
스테이크가 최고였어요.
다음에 저도 가봐야겠어요."
281,일반 대화,"오늘 날씨 정말 좋네요.
네, 산책하기 좋은 날씨에요.
어디 갈 계획 있으세요?
그냥 동네 한 바퀴 돌까 생각 중이에요.
좋네요. 같이 가요."
282,일반 대화,"새로운 프로젝트 어떻게 생각하세요?
도전적이지만 흥미로워 보여요.
맞아요, 많이 배울 수 있을 것 같아요.
우리 팀이 잘 해낼 거라고 믿어요.
그럼요, 함께 힘내봐요."
283,일반 대화,"오늘 날씨 정말 좋네요.
네, 산책하기 좋은 날씨에요.
어디 갈 계획 있으세요?
그냥 동네 한 바퀴 돌까 생각 중이에요.
좋네요. 같이 가요."
284,일반 대화,"점심 뭐 드실 거에요?
아직 고민 중이에요.
저도요. 추천해주실 만한 곳 있나요?
근처에 새로 생긴 식당이 있어요.
그럼 거기로 가볼까요?"
285,일반 대화,"점심 뭐 드실 거에요?
아직 고민 중이에요.
저도요. 추천해주실 만한 곳 있나요?
근처에 새로 생긴 식당이 있어요.
그럼 거기로 가볼까요?"
286,일반 대화,"어제 경기 봤어요?
네, 정말 흥미진진했어요.
그 선수 대단했죠?
맞아요, 마지막 순간이 인상적이었어요.
다음 경기도 기대돼요."
287,일반 대화,"취미가 뭐에요?
저는 등산을 좋아해요.
정말요? 저도 등산 좋아해요.
다음에 같이 갈래요?
좋아요, 언제 갈까요?"
288,일반 대화,"취미가 뭐에요?
저는 등산을 좋아해요.
정말요? 저도 등산 좋아해요.
다음에 같이 갈래요?
좋아요, 언제 갈까요?"
289,일반 대화,"커피 마실래요?
네, 좋죠.
무슨 커피 좋아하세요?
저는 라떼요.
저도 라떼 좋아해요. 두 잔 주문할게요."
290,일반 대화,"이번 주말에 뭐 하세요?
특별한 계획은 없어요.
그럼 같이 드라이브 갈래요?
좋죠! 어디로 갈까요?
바닷가 쪽으로 가볼까요?"
291,일반 대화,"오늘 날씨 정말 좋네요.
네, 산책하기 좋은 날씨에요.
어디 갈 계획 있으세요?
그냥 동네 한 바퀴 돌까 생각 중이에요.
좋네요. 같이 가요."
292,일반 대화,"점심 뭐 드실 거에요?
아직 고민 중이에요.
저도요. 추천해주실 만한 곳 있나요?
근처에 새로 생긴 식당이 있어요.
그럼 거기로 가볼까요?"
293,일반 대화,"새로운 프로젝트 어떻게 생각하세요?
도전적이지만 흥미로워 보여요.
맞아요, 많이 배울 수 있을 것 같아요.
우리 팀이 잘 해낼 거라고 믿어요.
그럼요, 함께 힘내봐요."
294,일반 대화,"커피 마실래요?
네, 좋죠.
무슨 커피 좋아하세요?
저는 라떼요.
저도 라떼 좋아해요. 두 잔 주문할게요."
295,일반 대화,"어제 경기 봤어요?
네, 정말 흥미진진했어요.
그 선수 대단했죠?
맞아요, 마지막 순간이 인상적이었어요.
다음 경기도 기대돼요."
296,일반 대화,"어제 경기 봤어요?
네, 정말 흥미진진했어요.
그 선수 대단했죠?
맞아요, 마지막 순간이 인상적이었어요.
다음 경기도 기대돼요."
297,일반 대화,"새로운 식당 가봤어요?
네, 음식이 정말 맛있더라고요.
뭐가 제일 맛있었어요?
스테이크가 최고였어요.
다음에 저도 가봐야겠어요."
298,일반 대화,"새로운 프로젝트 어떻게 생각하세요?
도전적이지만 흥미로워 보여요.
맞아요, 많이 배울 수 있을 것 같아요.
우리 팀이 잘 해낼 거라고 믿어요.
그럼요, 함께 힘내봐요."
299,일반 대화,"취미가 뭐에요?
저는 등산을 좋아해요.
정말요? 저도 등산 좋아해요.
다음에 같이 갈래요?
좋아요, 언제 갈까요?"
300,일반 대화,"이번 주말에 영화 보러 갈래요?
좋은 생각이에요. 어떤 영화요?
새로 개봉한 액션 영화요.
좋아요. 시간은 언제가 좋을까요?
오후 3시쯤 어때요?"
301,일반 대화,"취미가 뭐에요?
저는 등산을 좋아해요.
정말요? 저도 등산 좋아해요.
다음에 같이 갈래요?
좋아요, 언제 갈까요?"
302,일반 대화,"이 책 읽어보셨어요?
아직 못 읽어봤어요.
정말 재미있어요. 추천해드릴게요.
감사합니다. 꼭 읽어볼게요.
읽고 나서 이야기해요."
303,일반 대화,"취미가 뭐에요?
저는 등산을 좋아해요.
정말요? 저도 등산 좋아해요.
다음에 같이 갈래요?
좋아요, 언제 갈까요?"
304,일반 대화,"새로운 프로젝트 어떻게 생각하세요?
도전적이지만 흥미로워 보여요.
맞아요, 많이 배울 수 있을 것 같아요.
우리 팀이 잘 해낼 거라고 믿어요.
그럼요, 함께 힘내봐요."
305,일반 대화,"이번 주말에 영화 보러 갈래요?
좋은 생각이에요. 어떤 영화요?
새로 개봉한 액션 영화요.
좋아요. 시간은 언제가 좋을까요?
오후 3시쯤 어때요?"
306,일반 대화,"오늘 날씨 정말 좋네요.
네, 산책하기 좋은 날씨에요.
어디 갈 계획 있으세요?
그냥 동네 한 바퀴 돌까 생각 중이에요.
좋네요. 같이 가요."
307,일반 대화,"이번 주말에 영화 보러 갈래요?
좋은 생각이에요. 어떤 영화요?
새로 개봉한 액션 영화요.
좋아요. 시간은 언제가 좋을까요?
오후 3시쯤 어때요?"
308,일반 대화,"취미가 뭐에요?
저는 등산을 좋아해요.
정말요? 저도 등산 좋아해요.
다음에 같이 갈래요?
좋아요, 언제 갈까요?"
309,일반 대화,"새로운 프로젝트 어떻게 생각하세요?
도전적이지만 흥미로워 보여요.
맞아요, 많이 배울 수 있을 것 같아요.
우리 팀이 잘 해낼 거라고 믿어요.
그럼요, 함께 힘내봐요."
310,일반 대화,"새로운 식당 가봤어요?
네, 음식이 정말 맛있더라고요.
뭐가 제일 맛있었어요?
스테이크가 최고였어요.
다음에 저도 가봐야겠어요."
311,일반 대화,"오늘 날씨 정말 좋네요.
네, 산책하기 좋은 날씨에요.
어디 갈 계획 있으세요?
그냥 동네 한 바퀴 돌까 생각 중이에요.
좋네요. 같이 가요."
312,일반 대화,"이 책 읽어보셨어요?
아직 못 읽어봤어요.
정말 재미있어요. 추천해드릴게요.
감사합니다. 꼭 읽어볼게요.
읽고 나서 이야기해요."
313,일반 대화,"새로운 프로젝트 어떻게 생각하세요?
도전적이지만 흥미로워 보여요.
맞아요, 많이 배울 수 있을 것 같아요.
우리 팀이 잘 해낼 거라고 믿어요.
그럼요, 함께 힘내봐요."
314,일반 대화,"새로운 프로젝트 어떻게 생각하세요?
도전적이지만 흥미로워 보여요.
맞아요, 많이 배울 수 있을 것 같아요.
우리 팀이 잘 해낼 거라고 믿어요.
그럼요, 함께 힘내봐요."
315,일반 대화,"이번 주말에 영화 보러 갈래요?
좋은 생각이에요. 어떤 영화요?
새로 개봉한 액션 영화요.
좋아요. 시간은 언제가 좋을까요?
오후 3시쯤 어때요?"
316,일반 대화,"점심 뭐 드실 거에요?
아직 고민 중이에요.
저도요. 추천해주실 만한 곳 있나요?
근처에 새로 생긴 식당이 있어요.
그럼 거기로 가볼까요?"
317,일반 대화,"이번 주말에 뭐 하세요?
특별한 계획은 없어요.
그럼 같이 드라이브 갈래요?
좋죠! 어디로 갈까요?
바닷가 쪽으로 가볼까요?"
318,일반 대화,"취미가 뭐에요?
저는 등산을 좋아해요.
정말요? 저도 등산 좋아해요.
다음에 같이 갈래요?
좋아요, 언제 갈까요?"
319,일반 대화,"오늘 날씨 정말 좋네요.
네, 산책하기 좋은 날씨에요.
어디 갈 계획 있으세요?
그냥 동네 한 바퀴 돌까 생각 중이에요.
좋네요. 같이 가요."
320,일반 대화,"점심 뭐 드실 거에요?
아직 고민 중이에요.
저도요. 추천해주실 만한 곳 있나요?
근처에 새로 생긴 식당이 있어요.
그럼 거기로 가볼까요?"
321,일반 대화,"이 책 읽어보셨어요?
아직 못 읽어봤어요.
정말 재미있어요. 추천해드릴게요.
감사합니다. 꼭 읽어볼게요.
읽고 나서 이야기해요."
322,일반 대화,"이번 주말에 뭐 하세요?
특별한 계획은 없어요.
그럼 같이 드라이브 갈래요?
좋죠! 어디로 갈까요?
바닷가 쪽으로 가볼까요?"
323,일반 대화,"이번 주말에 영화 보러 갈래요?
좋은 생각이에요. 어떤 영화요?
새로 개봉한 액션 영화요.
좋아요. 시간은 언제가 좋을까요?
오후 3시쯤 어때요?"
324,일반 대화,"이번 주말에 영화 보러 갈래요?
좋은 생각이에요. 어떤 영화요?
새로 개봉한 액션 영화요.
좋아요. 시간은 언제가 좋을까요?
오후 3시쯤 어때요?"
325,일반 대화,"이번 주말에 영화 보러 갈래요?
좋은 생각이에요. 어떤 영화요?
새로 개봉한 액션 영화요.
좋아요. 시간은 언제가 좋을까요?
오후 3시쯤 어때요?"
326,일반 대화,"커피 마실래요?
네, 좋죠.
무슨 커피 좋아하세요?
저는 라떼요.
저도 라떼 좋아해요. 두 잔 주문할게요."
327,일반 대화,"취미가 뭐에요?
저는 등산을 좋아해요.
정말요? 저도 등산 좋아해요.
다음에 같이 갈래요?
좋아요, 언제 갈까요?"
328,일반 대화,"새로운 식당 가봤어요?
네, 음식이 정말 맛있더라고요.
뭐가 제일 맛있었어요?
스테이크가 최고였어요.
다음에 저도 가봐야겠어요."
329,일반 대화,"이번 주말에 영화 보러 갈래요?
좋은 생각이에요. 어떤 영화요?
새로 개봉한 액션 영화요.
좋아요. 시간은 언제가 좋을까요?
오후 3시쯤 어때요?"
330,일반 대화,"이번 주말에 영화 보러 갈래요?
좋은 생각이에요. 어떤 영화요?
새로 개봉한 액션 영화요.
좋아요. 시간은 언제가 좋을까요?
오후 3시쯤 어때요?"
331,일반 대화,"이번 주말에 영화 보러 갈래요?
좋은 생각이에요. 어떤 영화요?
새로 개봉한 액션 영화요.
좋아요. 시간은 언제가 좋을까요?
오후 3시쯤 어때요?"
332,일반 대화,"어제 경기 봤어요?
네, 정말 흥미진진했어요.
그 선수 대단했죠?
맞아요, 마지막 순간이 인상적이었어요.
다음 경기도 기대돼요."
333,일반 대화,"새로운 프로젝트 어떻게 생각하세요?
도전적이지만 흥미로워 보여요.
맞아요, 많이 배울 수 있을 것 같아요.
우리 팀이 잘 해낼 거라고 믿어요.
그럼요, 함께 힘내봐요."
334,일반 대화,"커피 마실래요?
네, 좋죠.
무슨 커피 좋아하세요?
저는 라떼요.
저도 라떼 좋아해요. 두 잔 주문할게요."
335,일반 대화,"커피 마실래요?
네, 좋죠.
무슨 커피 좋아하세요?
저는 라떼요.
저도 라떼 좋아해요. 두 잔 주문할게요."
336,일반 대화,"어제 경기 봤어요?
네, 정말 흥미진진했어요.
그 선수 대단했죠?
맞아요, 마지막 순간이 인상적이었어요.
다음 경기도 기대돼요."
337,일반 대화,"새로운 프로젝트 어떻게 생각하세요?
도전적이지만 흥미로워 보여요.
맞아요, 많이 배울 수 있을 것 같아요.
우리 팀이 잘 해낼 거라고 믿어요.
그럼요, 함께 힘내봐요."
338,일반 대화,"취미가 뭐에요?
저는 등산을 좋아해요.
정말요? 저도 등산 좋아해요.
다음에 같이 갈래요?
좋아요, 언제 갈까요?"
339,일반 대화,"오늘 날씨 정말 좋네요.
네, 산책하기 좋은 날씨에요.
어디 갈 계획 있으세요?
그냥 동네 한 바퀴 돌까 생각 중이에요.
좋네요. 같이 가요."
340,일반 대화,"취미가 뭐에요?
저는 등산을 좋아해요.
정말요? 저도 등산 좋아해요.
다음에 같이 갈래요?
좋아요, 언제 갈까요?"
341,일반 대화,"새로운 식당 가봤어요?
네, 음식이 정말 맛있더라고요.
뭐가 제일 맛있었어요?
스테이크가 최고였어요.
다음에 저도 가봐야겠어요."
342,일반 대화,"어제 경기 봤어요?
네, 정말 흥미진진했어요.
그 선수 대단했죠?
맞아요, 마지막 순간이 인상적이었어요.
다음 경기도 기대돼요."
343,일반 대화,"이번 주말에 영화 보러 갈래요?
좋은 생각이에요. 어떤 영화요?
새로 개봉한 액션 영화요.
좋아요. 시간은 언제가 좋을까요?
오후 3시쯤 어때요?"
344,일반 대화,"새로운 프로젝트 어떻게 생각하세요?
도전적이지만 흥미로워 보여요.
맞아요, 많이 배울 수 있을 것 같아요.
우리 팀이 잘 해낼 거라고 믿어요.
그럼요, 함께 힘내봐요."
345,일반 대화,"오늘 날씨 정말 좋네요.
네, 산책하기 좋은 날씨에요.
어디 갈 계획 있으세요?
그냥 동네 한 바퀴 돌까 생각 중이에요.
좋네요. 같이 가요."
346,일반 대화,"점심 뭐 드실 거에요?
아직 고민 중이에요.
저도요. 추천해주실 만한 곳 있나요?
근처에 새로 생긴 식당이 있어요.
그럼 거기로 가볼까요?"
347,일반 대화,"이번 주말에 영화 보러 갈래요?
좋은 생각이에요. 어떤 영화요?
새로 개봉한 액션 영화요.
좋아요. 시간은 언제가 좋을까요?
오후 3시쯤 어때요?"
348,일반 대화,"점심 뭐 드실 거에요?
아직 고민 중이에요.
저도요. 추천해주실 만한 곳 있나요?
근처에 새로 생긴 식당이 있어요.
그럼 거기로 가볼까요?"
349,일반 대화,"점심 뭐 드실 거에요?
아직 고민 중이에요.
저도요. 추천해주실 만한 곳 있나요?
근처에 새로 생긴 식당이 있어요.
그럼 거기로 가볼까요?"
350,일반 대화,"점심 뭐 드실 거에요?
아직 고민 중이에요.
저도요. 추천해주실 만한 곳 있나요?
근처에 새로 생긴 식당이 있어요.
그럼 거기로 가볼까요?"
351,일반 대화,"취미가 뭐에요?
저는 등산을 좋아해요.
정말요? 저도 등산 좋아해요.
다음에 같이 갈래요?
좋아요, 언제 갈까요?"
352,일반 대화,"취미가 뭐에요?
저는 등산을 좋아해요.
정말요? 저도 등산 좋아해요.
다음에 같이 갈래요?
좋아요, 언제 갈까요?"
353,일반 대화,"새로운 프로젝트 어떻게 생각하세요?
도전적이지만 흥미로워 보여요.
맞아요, 많이 배울 수 있을 것 같아요.
우리 팀이 잘 해낼 거라고 믿어요.
그럼요, 함께 힘내봐요."
354,일반 대화,"새로운 프로젝트 어떻게 생각하세요?
도전적이지만 흥미로워 보여요.
맞아요, 많이 배울 수 있을 것 같아요.
우리 팀이 잘 해낼 거라고 믿어요.
그럼요, 함께 힘내봐요."
355,일반 대화,"어제 경기 봤어요?
네, 정말 흥미진진했어요.
그 선수 대단했죠?
맞아요, 마지막 순간이 인상적이었어요.
다음 경기도 기대돼요."
356,일반 대화,"취미가 뭐에요?
저는 등산을 좋아해요.
정말요? 저도 등산 좋아해요.
다음에 같이 갈래요?
좋아요, 언제 갈까요?"
357,일반 대화,"커피 마실래요?
네, 좋죠.
무슨 커피 좋아하세요?
저는 라떼요.
저도 라떼 좋아해요. 두 잔 주문할게요."
358,일반 대화,"점심 뭐 드실 거에요?
아직 고민 중이에요.
저도요. 추천해주실 만한 곳 있나요?
근처에 새로 생긴 식당이 있어요.
그럼 거기로 가볼까요?"
359,일반 대화,"점심 뭐 드실 거에요?
아직 고민 중이에요.
저도요. 추천해주실 만한 곳 있나요?
근처에 새로 생긴 식당이 있어요.
그럼 거기로 가볼까요?"
360,일반 대화,"점심 뭐 드실 거에요?
아직 고민 중이에요.
저도요. 추천해주실 만한 곳 있나요?
근처에 새로 생긴 식당이 있어요.
그럼 거기로 가볼까요?"
361,일반 대화,"이 책 읽어보셨어요?
아직 못 읽어봤어요.
정말 재미있어요. 추천해드릴게요.
감사합니다. 꼭 읽어볼게요.
읽고 나서 이야기해요."
362,일반 대화,"커피 마실래요?
네, 좋죠.
무슨 커피 좋아하세요?
저는 라떼요.
저도 라떼 좋아해요. 두 잔 주문할게요."
363,일반 대화,"이번 주말에 뭐 하세요?
특별한 계획은 없어요.
그럼 같이 드라이브 갈래요?
좋죠! 어디로 갈까요?
바닷가 쪽으로 가볼까요?"
364,일반 대화,"점심 뭐 드실 거에요?
아직 고민 중이에요.
저도요. 추천해주실 만한 곳 있나요?
근처에 새로 생긴 식당이 있어요.
그럼 거기로 가볼까요?"
365,일반 대화,"새로운 식당 가봤어요?
네, 음식이 정말 맛있더라고요.
뭐가 제일 맛있었어요?
스테이크가 최고였어요.
다음에 저도 가봐야겠어요."
366,일반 대화,"점심 뭐 드실 거에요?
아직 고민 중이에요.
저도요. 추천해주실 만한 곳 있나요?
근처에 새로 생긴 식당이 있어요.
그럼 거기로 가볼까요?"
367,일반 대화,"어제 경기 봤어요?
네, 정말 흥미진진했어요.
그 선수 대단했죠?
맞아요, 마지막 순간이 인상적이었어요.
다음 경기도 기대돼요."
368,일반 대화,"오늘 날씨 정말 좋네요.
네, 산책하기 좋은 날씨에요.
어디 갈 계획 있으세요?
그냥 동네 한 바퀴 돌까 생각 중이에요.
좋네요. 같이 가요."
369,일반 대화,"이 책 읽어보셨어요?
아직 못 읽어봤어요.
정말 재미있어요. 추천해드릴게요.
감사합니다. 꼭 읽어볼게요.
읽고 나서 이야기해요."
370,일반 대화,"점심 뭐 드실 거에요?
아직 고민 중이에요.
저도요. 추천해주실 만한 곳 있나요?
근처에 새로 생긴 식당이 있어요.
그럼 거기로 가볼까요?"
371,일반 대화,"새로운 프로젝트 어떻게 생각하세요?
도전적이지만 흥미로워 보여요.
맞아요, 많이 배울 수 있을 것 같아요.
우리 팀이 잘 해낼 거라고 믿어요.
그럼요, 함께 힘내봐요."
372,일반 대화,"이 책 읽어보셨어요?
아직 못 읽어봤어요.
정말 재미있어요. 추천해드릴게요.
감사합니다. 꼭 읽어볼게요.
읽고 나서 이야기해요."
373,일반 대화,"이 책 읽어보셨어요?
아직 못 읽어봤어요.
정말 재미있어요. 추천해드릴게요.
감사합니다. 꼭 읽어볼게요.
읽고 나서 이야기해요."
374,일반 대화,"이번 주말에 뭐 하세요?
특별한 계획은 없어요.
그럼 같이 드라이브 갈래요?
좋죠! 어디로 갈까요?
바닷가 쪽으로 가볼까요?"
375,일반 대화,"이번 주말에 영화 보러 갈래요?
좋은 생각이에요. 어떤 영화요?
새로 개봉한 액션 영화요.
좋아요. 시간은 언제가 좋을까요?
오후 3시쯤 어때요?"
376,일반 대화,"커피 마실래요?
네, 좋죠.
무슨 커피 좋아하세요?
저는 라떼요.
저도 라떼 좋아해요. 두 잔 주문할게요."
377,일반 대화,"커피 마실래요?
네, 좋죠.
무슨 커피 좋아하세요?
저는 라떼요.
저도 라떼 좋아해요. 두 잔 주문할게요."
378,일반 대화,"어제 경기 봤어요?
네, 정말 흥미진진했어요.
그 선수 대단했죠?
맞아요, 마지막 순간이 인상적이었어요.
다음 경기도 기대돼요."
379,일반 대화,"어제 경기 봤어요?
네, 정말 흥미진진했어요.
그 선수 대단했죠?
맞아요, 마지막 순간이 인상적이었어요.
다음 경기도 기대돼요."
380,일반 대화,"오늘 날씨 정말 좋네요.
네, 산책하기 좋은 날씨에요.
어디 갈 계획 있으세요?
그냥 동네 한 바퀴 돌까 생각 중이에요.
좋네요. 같이 가요."
381,일반 대화,"어제 경기 봤어요?
네, 정말 흥미진진했어요.
그 선수 대단했죠?
맞아요, 마지막 순간이 인상적이었어요.
다음 경기도 기대돼요."
382,일반 대화,"오늘 날씨 정말 좋네요.
네, 산책하기 좋은 날씨에요.
어디 갈 계획 있으세요?
그냥 동네 한 바퀴 돌까 생각 중이에요.
좋네요. 같이 가요."
383,일반 대화,"커피 마실래요?
네, 좋죠.
무슨 커피 좋아하세요?
저는 라떼요.
저도 라떼 좋아해요. 두 잔 주문할게요."
384,일반 대화,"새로운 식당 가봤어요?
네, 음식이 정말 맛있더라고요.
뭐가 제일 맛있었어요?
스테이크가 최고였어요.
다음에 저도 가봐야겠어요."
385,일반 대화,"어제 경기 봤어요?
네, 정말 흥미진진했어요.
그 선수 대단했죠?
맞아요, 마지막 순간이 인상적이었어요.
다음 경기도 기대돼요."
386,일반 대화,"취미가 뭐에요?
저는 등산을 좋아해요.
정말요? 저도 등산 좋아해요.
다음에 같이 갈래요?
좋아요, 언제 갈까요?"
387,일반 대화,"이 책 읽어보셨어요?
아직 못 읽어봤어요.
정말 재미있어요. 추천해드릴게요.
감사합니다. 꼭 읽어볼게요.
읽고 나서 이야기해요."
388,일반 대화,"이번 주말에 영화 보러 갈래요?
좋은 생각이에요. 어떤 영화요?
새로 개봉한 액션 영화요.
좋아요. 시간은 언제가 좋을까요?
오후 3시쯤 어때요?"
389,일반 대화,"이번 주말에 뭐 하세요?
특별한 계획은 없어요.
그럼 같이 드라이브 갈래요?
좋죠! 어디로 갈까요?
바닷가 쪽으로 가볼까요?"
390,일반 대화,"이 책 읽어보셨어요?
아직 못 읽어봤어요.
정말 재미있어요. 추천해드릴게요.
감사합니다. 꼭 읽어볼게요.
읽고 나서 이야기해요."
391,일반 대화,"커피 마실래요?
네, 좋죠.
무슨 커피 좋아하세요?
저는 라떼요.
저도 라떼 좋아해요. 두 잔 주문할게요."
392,일반 대화,"커피 마실래요?
네, 좋죠.
무슨 커피 좋아하세요?
저는 라떼요.
저도 라떼 좋아해요. 두 잔 주문할게요."
393,일반 대화,"이번 주말에 영화 보러 갈래요?
좋은 생각이에요. 어떤 영화요?
새로 개봉한 액션 영화요.
좋아요. 시간은 언제가 좋을까요?
오후 3시쯤 어때요?"
394,일반 대화,"어제 경기 봤어요?
네, 정말 흥미진진했어요.
그 선수 대단했죠?
맞아요, 마지막 순간이 인상적이었어요.
다음 경기도 기대돼요."
395,일반 대화,"이 책 읽어보셨어요?
아직 못 읽어봤어요.
정말 재미있어요. 추천해드릴게요.
감사합니다. 꼭 읽어볼게요.
읽고 나서 이야기해요."
396,일반 대화,"취미가 뭐에요?
저는 등산을 좋아해요.
정말요? 저도 등산 좋아해요.
다음에 같이 갈래요?
좋아요, 언제 갈까요?"
397,일반 대화,"이번 주말에 뭐 하세요?
특별한 계획은 없어요.
그럼 같이 드라이브 갈래요?
좋죠! 어디로 갈까요?
바닷가 쪽으로 가볼까요?"
398,일반 대화,"커피 마실래요?
네, 좋죠.
무슨 커피 좋아하세요?
저는 라떼요.
저도 라떼 좋아해요. 두 잔 주문할게요."
399,일반 대화,"취미가 뭐에요?
저는 등산을 좋아해요.
정말요? 저도 등산 좋아해요.
다음에 같이 갈래요?
좋아요, 언제 갈까요?"
400,일반 대화,"취미가 뭐에요?
저는 등산을 좋아해요.
정말요? 저도 등산 좋아해요.
다음에 같이 갈래요?
좋아요, 언제 갈까요?"
401,일반 대화,"이 책 읽어보셨어요?
아직 못 읽어봤어요.
정말 재미있어요. 추천해드릴게요.
감사합니다. 꼭 읽어볼게요.
읽고 나서 이야기해요."
402,일반 대화,"새로운 프로젝트 어떻게 생각하세요?
도전적이지만 흥미로워 보여요.
맞아요, 많이 배울 수 있을 것 같아요.
우리 팀이 잘 해낼 거라고 믿어요.
그럼요, 함께 힘내봐요."
403,일반 대화,"점심 뭐 드실 거에요?
아직 고민 중이에요.
저도요. 추천해주실 만한 곳 있나요?
근처에 새로 생긴 식당이 있어요.
그럼 거기로 가볼까요?"
404,일반 대화,"점심 뭐 드실 거에요?
아직 고민 중이에요.
저도요. 추천해주실 만한 곳 있나요?
근처에 새로 생긴 식당이 있어요.
그럼 거기로 가볼까요?"
405,일반 대화,"오늘 날씨 정말 좋네요.
네, 산책하기 좋은 날씨에요.
어디 갈 계획 있으세요?
그냥 동네 한 바퀴 돌까 생각 중이에요.
좋네요. 같이 가요."
406,일반 대화,"커피 마실래요?
네, 좋죠.
무슨 커피 좋아하세요?
저는 라떼요.
저도 라떼 좋아해요. 두 잔 주문할게요."
407,일반 대화,"새로운 프로젝트 어떻게 생각하세요?
도전적이지만 흥미로워 보여요.
맞아요, 많이 배울 수 있을 것 같아요.
우리 팀이 잘 해낼 거라고 믿어요.
그럼요, 함께 힘내봐요."
408,일반 대화,"오늘 날씨 정말 좋네요.
네, 산책하기 좋은 날씨에요.
어디 갈 계획 있으세요?
그냥 동네 한 바퀴 돌까 생각 중이에요.
좋네요. 같이 가요."
409,일반 대화,"오늘 날씨 정말 좋네요.
네, 산책하기 좋은 날씨에요.
어디 갈 계획 있으세요?
그냥 동네 한 바퀴 돌까 생각 중이에요.
좋네요. 같이 가요."
410,일반 대화,"이번 주말에 뭐 하세요?
특별한 계획은 없어요.
그럼 같이 드라이브 갈래요?
좋죠! 어디로 갈까요?
바닷가 쪽으로 가볼까요?"
411,일반 대화,"어제 경기 봤어요?
네, 정말 흥미진진했어요.
그 선수 대단했죠?
맞아요, 마지막 순간이 인상적이었어요.
다음 경기도 기대돼요."
412,일반 대화,"이 책 읽어보셨어요?
아직 못 읽어봤어요.
정말 재미있어요. 추천해드릴게요.
감사합니다. 꼭 읽어볼게요.
읽고 나서 이야기해요."
413,일반 대화,"점심 뭐 드실 거에요?
아직 고민 중이에요.
저도요. 추천해주실 만한 곳 있나요?
근처에 새로 생긴 식당이 있어요.
그럼 거기로 가볼까요?"
414,일반 대화,"새로운 프로젝트 어떻게 생각하세요?
도전적이지만 흥미로워 보여요.
맞아요, 많이 배울 수 있을 것 같아요.
우리 팀이 잘 해낼 거라고 믿어요.
그럼요, 함께 힘내봐요."
415,일반 대화,"이번 주말에 뭐 하세요?
특별한 계획은 없어요.
그럼 같이 드라이브 갈래요?
좋죠! 어디로 갈까요?
바닷가 쪽으로 가볼까요?"
416,일반 대화,"오늘 날씨 정말 좋네요.
네, 산책하기 좋은 날씨에요.
어디 갈 계획 있으세요?
그냥 동네 한 바퀴 돌까 생각 중이에요.
좋네요. 같이 가요."
417,일반 대화,"새로운 식당 가봤어요?
네, 음식이 정말 맛있더라고요.
뭐가 제일 맛있었어요?
스테이크가 최고였어요.
다음에 저도 가봐야겠어요."
418,일반 대화,"취미가 뭐에요?
저는 등산을 좋아해요.
정말요? 저도 등산 좋아해요.
다음에 같이 갈래요?
좋아요, 언제 갈까요?"
419,일반 대화,"이번 주말에 뭐 하세요?
특별한 계획은 없어요.
그럼 같이 드라이브 갈래요?
좋죠! 어디로 갈까요?
바닷가 쪽으로 가볼까요?"
420,일반 대화,"이번 주말에 영화 보러 갈래요?
좋은 생각이에요. 어떤 영화요?
새로 개봉한 액션 영화요.
좋아요. 시간은 언제가 좋을까요?
오후 3시쯤 어때요?"
421,일반 대화,"이번 주말에 영화 보러 갈래요?
좋은 생각이에요. 어떤 영화요?
새로 개봉한 액션 영화요.
좋아요. 시간은 언제가 좋을까요?
오후 3시쯤 어때요?"
422,일반 대화,"점심 뭐 드실 거에요?
아직 고민 중이에요.
저도요. 추천해주실 만한 곳 있나요?
근처에 새로 생긴 식당이 있어요.
그럼 거기로 가볼까요?"
423,일반 대화,"새로운 프로젝트 어떻게 생각하세요?
도전적이지만 흥미로워 보여요.
맞아요, 많이 배울 수 있을 것 같아요.
우리 팀이 잘 해낼 거라고 믿어요.
그럼요, 함께 힘내봐요."
424,일반 대화,"새로운 프로젝트 어떻게 생각하세요?
도전적이지만 흥미로워 보여요.
맞아요, 많이 배울 수 있을 것 같아요.
우리 팀이 잘 해낼 거라고 믿어요.
그럼요, 함께 힘내봐요."
425,일반 대화,"이번 주말에 뭐 하세요?
특별한 계획은 없어요.
그럼 같이 드라이브 갈래요?
좋죠! 어디로 갈까요?
바닷가 쪽으로 가볼까요?"
426,일반 대화,"오늘 날씨 정말 좋네요.
네, 산책하기 좋은 날씨에요.
어디 갈 계획 있으세요?
그냥 동네 한 바퀴 돌까 생각 중이에요.
좋네요. 같이 가요."
427,일반 대화,"점심 뭐 드실 거에요?
아직 고민 중이에요.
저도요. 추천해주실 만한 곳 있나요?
근처에 새로 생긴 식당이 있어요.
그럼 거기로 가볼까요?"
428,일반 대화,"어제 경기 봤어요?
네, 정말 흥미진진했어요.
그 선수 대단했죠?
맞아요, 마지막 순간이 인상적이었어요.
다음 경기도 기대돼요."
429,일반 대화,"오늘 날씨 정말 좋네요.
네, 산책하기 좋은 날씨에요.
어디 갈 계획 있으세요?
그냥 동네 한 바퀴 돌까 생각 중이에요.
좋네요. 같이 가요."
430,일반 대화,"새로운 프로젝트 어떻게 생각하세요?
도전적이지만 흥미로워 보여요.
맞아요, 많이 배울 수 있을 것 같아요.
우리 팀이 잘 해낼 거라고 믿어요.
그럼요, 함께 힘내봐요."
431,일반 대화,"이 책 읽어보셨어요?
아직 못 읽어봤어요.
정말 재미있어요. 추천해드릴게요.
감사합니다. 꼭 읽어볼게요.
읽고 나서 이야기해요."
432,일반 대화,"어제 경기 봤어요?
네, 정말 흥미진진했어요.
그 선수 대단했죠?
맞아요, 마지막 순간이 인상적이었어요.
다음 경기도 기대돼요."
433,일반 대화,"오늘 날씨 정말 좋네요.
네, 산책하기 좋은 날씨에요.
어디 갈 계획 있으세요?
그냥 동네 한 바퀴 돌까 생각 중이에요.
좋네요. 같이 가요."
434,일반 대화,"이 책 읽어보셨어요?
아직 못 읽어봤어요.
정말 재미있어요. 추천해드릴게요.
감사합니다. 꼭 읽어볼게요.
읽고 나서 이야기해요."
435,일반 대화,"이번 주말에 영화 보러 갈래요?
좋은 생각이에요. 어떤 영화요?
새로 개봉한 액션 영화요.
좋아요. 시간은 언제가 좋을까요?
오후 3시쯤 어때요?"
436,일반 대화,"점심 뭐 드실 거에요?
아직 고민 중이에요.
저도요. 추천해주실 만한 곳 있나요?
근처에 새로 생긴 식당이 있어요.
그럼 거기로 가볼까요?"
437,일반 대화,"커피 마실래요?
네, 좋죠.
무슨 커피 좋아하세요?
저는 라떼요.
저도 라떼 좋아해요. 두 잔 주문할게요."
438,일반 대화,"새로운 프로젝트 어떻게 생각하세요?
도전적이지만 흥미로워 보여요.
맞아요, 많이 배울 수 있을 것 같아요.
우리 팀이 잘 해낼 거라고 믿어요.
그럼요, 함께 힘내봐요."
439,일반 대화,"어제 경기 봤어요?
네, 정말 흥미진진했어요.
그 선수 대단했죠?
맞아요, 마지막 순간이 인상적이었어요.
다음 경기도 기대돼요."
440,일반 대화,"커피 마실래요?
네, 좋죠.
무슨 커피 좋아하세요?
저는 라떼요.
저도 라떼 좋아해요. 두 잔 주문할게요."
441,일반 대화,"커피 마실래요?
네, 좋죠.
무슨 커피 좋아하세요?
저는 라떼요.
저도 라떼 좋아해요. 두 잔 주문할게요."
442,일반 대화,"점심 뭐 드실 거에요?
아직 고민 중이에요.
저도요. 추천해주실 만한 곳 있나요?
근처에 새로 생긴 식당이 있어요.
그럼 거기로 가볼까요?"
443,일반 대화,"이번 주말에 영화 보러 갈래요?
좋은 생각이에요. 어떤 영화요?
새로 개봉한 액션 영화요.
좋아요. 시간은 언제가 좋을까요?
오후 3시쯤 어때요?"
444,일반 대화,"이번 주말에 뭐 하세요?
특별한 계획은 없어요.
그럼 같이 드라이브 갈래요?
좋죠! 어디로 갈까요?
바닷가 쪽으로 가볼까요?"
445,일반 대화,"새로운 식당 가봤어요?
네, 음식이 정말 맛있더라고요.
뭐가 제일 맛있었어요?
스테이크가 최고였어요.
다음에 저도 가봐야겠어요."
446,일반 대화,"어제 경기 봤어요?
네, 정말 흥미진진했어요.
그 선수 대단했죠?
맞아요, 마지막 순간이 인상적이었어요.
다음 경기도 기대돼요."
447,일반 대화,"어제 경기 봤어요?
네, 정말 흥미진진했어요.
그 선수 대단했죠?
맞아요, 마지막 순간이 인상적이었어요.
다음 경기도 기대돼요."
448,일반 대화,"취미가 뭐에요?
저는 등산을 좋아해요.
정말요? 저도 등산 좋아해요.
다음에 같이 갈래요?
좋아요, 언제 갈까요?"
449,일반 대화,"새로운 프로젝트 어떻게 생각하세요?
도전적이지만 흥미로워 보여요.
맞아요, 많이 배울 수 있을 것 같아요.
우리 팀이 잘 해낼 거라고 믿어요.
그럼요, 함께 힘내봐요."
450,일반 대화,"커피 마실래요?
네, 좋죠.
무슨 커피 좋아하세요?
저는 라떼요.
저도 라떼 좋아해요. 두 잔 주문할게요."
451,일반 대화,"취미가 뭐에요?
저는 등산을 좋아해요.
정말요? 저도 등산 좋아해요.
다음에 같이 갈래요?
좋아요, 언제 갈까요?"
452,일반 대화,"점심 뭐 드실 거에요?
아직 고민 중이에요.
저도요. 추천해주실 만한 곳 있나요?
근처에 새로 생긴 식당이 있어요.
그럼 거기로 가볼까요?"
453,일반 대화,"오늘 날씨 정말 좋네요.
네, 산책하기 좋은 날씨에요.
어디 갈 계획 있으세요?
그냥 동네 한 바퀴 돌까 생각 중이에요.
좋네요. 같이 가요."
454,일반 대화,"커피 마실래요?
네, 좋죠.
무슨 커피 좋아하세요?
저는 라떼요.
저도 라떼 좋아해요. 두 잔 주문할게요."
455,일반 대화,"커피 마실래요?
네, 좋죠.
무슨 커피 좋아하세요?
저는 라떼요.
저도 라떼 좋아해요. 두 잔 주문할게요."
456,일반 대화,"새로운 프로젝트 어떻게 생각하세요?
도전적이지만 흥미로워 보여요.
맞아요, 많이 배울 수 있을 것 같아요.
우리 팀이 잘 해낼 거라고 믿어요.
그럼요, 함께 힘내봐요."
457,일반 대화,"취미가 뭐에요?
저는 등산을 좋아해요.
정말요? 저도 등산 좋아해요.
다음에 같이 갈래요?
좋아요, 언제 갈까요?"
458,일반 대화,"이 책 읽어보셨어요?
아직 못 읽어봤어요.
정말 재미있어요. 추천해드릴게요.
감사합니다. 꼭 읽어볼게요.
읽고 나서 이야기해요."
459,일반 대화,"새로운 프로젝트 어떻게 생각하세요?
도전적이지만 흥미로워 보여요.
맞아요, 많이 배울 수 있을 것 같아요.
우리 팀이 잘 해낼 거라고 믿어요.
그럼요, 함께 힘내봐요."
460,일반 대화,"커피 마실래요?
네, 좋죠.
무슨 커피 좋아하세요?
저는 라떼요.
저도 라떼 좋아해요. 두 잔 주문할게요."
461,일반 대화,"새로운 프로젝트 어떻게 생각하세요?
도전적이지만 흥미로워 보여요.
맞아요, 많이 배울 수 있을 것 같아요.
우리 팀이 잘 해낼 거라고 믿어요.
그럼요, 함께 힘내봐요."
462,일반 대화,"오늘 날씨 정말 좋네요.
네, 산책하기 좋은 날씨에요.
어디 갈 계획 있으세요?
그냥 동네 한 바퀴 돌까 생각 중이에요.
좋네요. 같이 가요."
463,일반 대화,"취미가 뭐에요?
저는 등산을 좋아해요.
정말요? 저도 등산 좋아해요.
다음에 같이 갈래요?
좋아요, 언제 갈까요?"
464,일반 대화,"새로운 프로젝트 어떻게 생각하세요?
도전적이지만 흥미로워 보여요.
맞아요, 많이 배울 수 있을 것 같아요.
우리 팀이 잘 해낼 거라고 믿어요.
그럼요, 함께 힘내봐요."
465,일반 대화,"커피 마실래요?
네, 좋죠.
무슨 커피 좋아하세요?
저는 라떼요.
저도 라떼 좋아해요. 두 잔 주문할게요."
466,일반 대화,"이번 주말에 뭐 하세요?
특별한 계획은 없어요.
그럼 같이 드라이브 갈래요?
좋죠! 어디로 갈까요?
바닷가 쪽으로 가볼까요?"
467,일반 대화,"오늘 날씨 정말 좋네요.
네, 산책하기 좋은 날씨에요.
어디 갈 계획 있으세요?
그냥 동네 한 바퀴 돌까 생각 중이에요.
좋네요. 같이 가요."
468,일반 대화,"오늘 날씨 정말 좋네요.
네, 산책하기 좋은 날씨에요.
어디 갈 계획 있으세요?
그냥 동네 한 바퀴 돌까 생각 중이에요.
좋네요. 같이 가요."
469,일반 대화,"어제 경기 봤어요?
네, 정말 흥미진진했어요.
그 선수 대단했죠?
맞아요, 마지막 순간이 인상적이었어요.
다음 경기도 기대돼요."
470,일반 대화,"새로운 식당 가봤어요?
네, 음식이 정말 맛있더라고요.
뭐가 제일 맛있었어요?
스테이크가 최고였어요.
다음에 저도 가봐야겠어요."
471,일반 대화,"취미가 뭐에요?
저는 등산을 좋아해요.
정말요? 저도 등산 좋아해요.
다음에 같이 갈래요?
좋아요, 언제 갈까요?"
472,일반 대화,"새로운 프로젝트 어떻게 생각하세요?
도전적이지만 흥미로워 보여요.
맞아요, 많이 배울 수 있을 것 같아요.
우리 팀이 잘 해낼 거라고 믿어요.
그럼요, 함께 힘내봐요."
473,일반 대화,"취미가 뭐에요?
저는 등산을 좋아해요.
정말요? 저도 등산 좋아해요.
다음에 같이 갈래요?
좋아요, 언제 갈까요?"
474,일반 대화,"오늘 날씨 정말 좋네요.
네, 산책하기 좋은 날씨에요.
어디 갈 계획 있으세요?
그냥 동네 한 바퀴 돌까 생각 중이에요.
좋네요. 같이 가요."
475,일반 대화,"새로운 프로젝트 어떻게 생각하세요?
도전적이지만 흥미로워 보여요.
맞아요, 많이 배울 수 있을 것 같아요.
우리 팀이 잘 해낼 거라고 믿어요.
그럼요, 함께 힘내봐요."
476,일반 대화,"이번 주말에 영화 보러 갈래요?
좋은 생각이에요. 어떤 영화요?
새로 개봉한 액션 영화요.
좋아요. 시간은 언제가 좋을까요?
오후 3시쯤 어때요?"
477,일반 대화,"이번 주말에 뭐 하세요?
특별한 계획은 없어요.
그럼 같이 드라이브 갈래요?
좋죠! 어디로 갈까요?
바닷가 쪽으로 가볼까요?"
478,일반 대화,"이 책 읽어보셨어요?
아직 못 읽어봤어요.
정말 재미있어요. 추천해드릴게요.
감사합니다. 꼭 읽어볼게요.
읽고 나서 이야기해요."
479,일반 대화,"커피 마실래요?
네, 좋죠.
무슨 커피 좋아하세요?
저는 라떼요.
저도 라떼 좋아해요. 두 잔 주문할게요."
480,일반 대화,"점심 뭐 드실 거에요?
아직 고민 중이에요.
저도요. 추천해주실 만한 곳 있나요?
근처에 새로 생긴 식당이 있어요.
그럼 거기로 가볼까요?"
481,일반 대화,"어제 경기 봤어요?
네, 정말 흥미진진했어요.
그 선수 대단했죠?
맞아요, 마지막 순간이 인상적이었어요.
다음 경기도 기대돼요."
482,일반 대화,"커피 마실래요?
네, 좋죠.
무슨 커피 좋아하세요?
저는 라떼요.
저도 라떼 좋아해요. 두 잔 주문할게요."
483,일반 대화,"이 책 읽어보셨어요?
아직 못 읽어봤어요.
정말 재미있어요. 추천해드릴게요.
감사합니다. 꼭 읽어볼게요.
읽고 나서 이야기해요."
484,일반 대화,"어제 경기 봤어요?
네, 정말 흥미진진했어요.
그 선수 대단했죠?
맞아요, 마지막 순간이 인상적이었어요.
다음 경기도 기대돼요."
485,일반 대화,"취미가 뭐에요?
저는 등산을 좋아해요.
정말요? 저도 등산 좋아해요.
다음에 같이 갈래요?
좋아요, 언제 갈까요?"
486,일반 대화,"새로운 식당 가봤어요?
네, 음식이 정말 맛있더라고요.
뭐가 제일 맛있었어요?
스테이크가 최고였어요.
다음에 저도 가봐야겠어요."
487,일반 대화,"점심 뭐 드실 거에요?
아직 고민 중이에요.
저도요. 추천해주실 만한 곳 있나요?
근처에 새로 생긴 식당이 있어요.
그럼 거기로 가볼까요?"
488,일반 대화,"이번 주말에 영화 보러 갈래요?
좋은 생각이에요. 어떤 영화요?
새로 개봉한 액션 영화요.
좋아요. 시간은 언제가 좋을까요?
오후 3시쯤 어때요?"
489,일반 대화,"새로운 식당 가봤어요?
네, 음식이 정말 맛있더라고요.
뭐가 제일 맛있었어요?
스테이크가 최고였어요.
다음에 저도 가봐야겠어요."
490,일반 대화,"오늘 날씨 정말 좋네요.
네, 산책하기 좋은 날씨에요.
어디 갈 계획 있으세요?
그냥 동네 한 바퀴 돌까 생각 중이에요.
좋네요. 같이 가요."
491,일반 대화,"이 책 읽어보셨어요?
아직 못 읽어봤어요.
정말 재미있어요. 추천해드릴게요.
감사합니다. 꼭 읽어볼게요.
읽고 나서 이야기해요."
492,일반 대화,"이번 주말에 뭐 하세요?
특별한 계획은 없어요.
그럼 같이 드라이브 갈래요?
좋죠! 어디로 갈까요?
바닷가 쪽으로 가볼까요?"
493,일반 대화,"취미가 뭐에요?
저는 등산을 좋아해요.
정말요? 저도 등산 좋아해요.
다음에 같이 갈래요?
좋아요, 언제 갈까요?"
494,일반 대화,"어제 경기 봤어요?
네, 정말 흥미진진했어요.
그 선수 대단했죠?
맞아요, 마지막 순간이 인상적이었어요.
다음 경기도 기대돼요."
495,일반 대화,"이번 주말에 뭐 하세요?
특별한 계획은 없어요.
그럼 같이 드라이브 갈래요?
좋죠! 어디로 갈까요?
바닷가 쪽으로 가볼까요?"
496,일반 대화,"이번 주말에 뭐 하세요?
특별한 계획은 없어요.
그럼 같이 드라이브 갈래요?
좋죠! 어디로 갈까요?
바닷가 쪽으로 가볼까요?"
497,일반 대화,"새로운 프로젝트 어떻게 생각하세요?
도전적이지만 흥미로워 보여요.
맞아요, 많이 배울 수 있을 것 같아요.
우리 팀이 잘 해낼 거라고 믿어요.
그럼요, 함께 힘내봐요."
498,일반 대화,"취미가 뭐에요?
저는 등산을 좋아해요.
정말요? 저도 등산 좋아해요.
다음에 같이 갈래요?
좋아요, 언제 갈까요?"
499,일반 대화,"점심 뭐 드실 거에요?
아직 고민 중이에요.
저도요. 추천해주실 만한 곳 있나요?
근처에 새로 생긴 식당이 있어요.
그럼 거기로 가볼까요?"
500,일반 대화,"새로운 식당 가봤어요?
네, 음식이 정말 맛있더라고요.
뭐가 제일 맛있었어요?
스테이크가 최고였어요.
다음에 저도 가봐야겠어요."
501,일반 대화,"새로운 프로젝트 어떻게 생각하세요?
도전적이지만 흥미로워 보여요.
맞아요, 많이 배울 수 있을 것 같아요.
우리 팀이 잘 해낼 거라고 믿어요.
그럼요, 함께 힘내봐요."
502,일반 대화,"새로운 프로젝트 어떻게 생각하세요?
도전적이지만 흥미로워 보여요.
맞아요, 많이 배울 수 있을 것 같아요.
우리 팀이 잘 해낼 거라고 믿어요.
그럼요, 함께 힘내봐요."
503,일반 대화,"점심 뭐 드실 거에요?
아직 고민 중이에요.
저도요. 추천해주실 만한 곳 있나요?
근처에 새로 생긴 식당이 있어요.
그럼 거기로 가볼까요?"
504,일반 대화,"새로운 프로젝트 어떻게 생각하세요?
도전적이지만 흥미로워 보여요.
맞아요, 많이 배울 수 있을 것 같아요.
우리 팀이 잘 해낼 거라고 믿어요.
그럼요, 함께 힘내봐요."
505,일반 대화,"이번 주말에 뭐 하세요?
특별한 계획은 없어요.
그럼 같이 드라이브 갈래요?
좋죠! 어디로 갈까요?
바닷가 쪽으로 가볼까요?"
506,일반 대화,"새로운 식당 가봤어요?
네, 음식이 정말 맛있더라고요.
뭐가 제일 맛있었어요?
스테이크가 최고였어요.
다음에 저도 가봐야겠어요."
507,일반 대화,"어제 경기 봤어요?
네, 정말 흥미진진했어요.
그 선수 대단했죠?
맞아요, 마지막 순간이 인상적이었어요.
다음 경기도 기대돼요."
508,일반 대화,"취미가 뭐에요?
저는 등산을 좋아해요.
정말요? 저도 등산 좋아해요.
다음에 같이 갈래요?
좋아요, 언제 갈까요?"
509,일반 대화,"새로운 식당 가봤어요?
네, 음식이 정말 맛있더라고요.
뭐가 제일 맛있었어요?
스테이크가 최고였어요.
다음에 저도 가봐야겠어요."
510,일반 대화,"취미가 뭐에요?
저는 등산을 좋아해요.
정말요? 저도 등산 좋아해요.
다음에 같이 갈래요?
좋아요, 언제 갈까요?"
511,일반 대화,"취미가 뭐에요?
저는 등산을 좋아해요.
정말요? 저도 등산 좋아해요.
다음에 같이 갈래요?
좋아요, 언제 갈까요?"
512,일반 대화,"커피 마실래요?
네, 좋죠.
무슨 커피 좋아하세요?
저는 라떼요.
저도 라떼 좋아해요. 두 잔 주문할게요."
513,일반 대화,"취미가 뭐에요?
저는 등산을 좋아해요.
정말요? 저도 등산 좋아해요.
다음에 같이 갈래요?
좋아요, 언제 갈까요?"
514,일반 대화,"이번 주말에 영화 보러 갈래요?
좋은 생각이에요. 어떤 영화요?
새로 개봉한 액션 영화요.
좋아요. 시간은 언제가 좋을까요?
오후 3시쯤 어때요?"
515,일반 대화,"어제 경기 봤어요?
네, 정말 흥미진진했어요.
그 선수 대단했죠?
맞아요, 마지막 순간이 인상적이었어요.
다음 경기도 기대돼요."
516,일반 대화,"이 책 읽어보셨어요?
아직 못 읽어봤어요.
정말 재미있어요. 추천해드릴게요.
감사합니다. 꼭 읽어볼게요.
읽고 나서 이야기해요."
517,일반 대화,"커피 마실래요?
네, 좋죠.
무슨 커피 좋아하세요?
저는 라떼요.
저도 라떼 좋아해요. 두 잔 주문할게요."
518,일반 대화,"새로운 프로젝트 어떻게 생각하세요?
도전적이지만 흥미로워 보여요.
맞아요, 많이 배울 수 있을 것 같아요.
우리 팀이 잘 해낼 거라고 믿어요.
그럼요, 함께 힘내봐요."
519,일반 대화,"이번 주말에 영화 보러 갈래요?
좋은 생각이에요. 어떤 영화요?
새로 개봉한 액션 영화요.
좋아요. 시간은 언제가 좋을까요?
오후 3시쯤 어때요?"
520,일반 대화,"오늘 날씨 정말 좋네요.
네, 산책하기 좋은 날씨에요.
어디 갈 계획 있으세요?
그냥 동네 한 바퀴 돌까 생각 중이에요.
좋네요. 같이 가요."
521,일반 대화,"취미가 뭐에요?
저는 등산을 좋아해요.
정말요? 저도 등산 좋아해요.
다음에 같이 갈래요?
좋아요, 언제 갈까요?"
522,일반 대화,"새로운 식당 가봤어요?
네, 음식이 정말 맛있더라고요.
뭐가 제일 맛있었어요?
스테이크가 최고였어요.
다음에 저도 가봐야겠어요."
523,일반 대화,"이번 주말에 영화 보러 갈래요?
좋은 생각이에요. 어떤 영화요?
새로 개봉한 액션 영화요.
좋아요. 시간은 언제가 좋을까요?
오후 3시쯤 어때요?"
524,일반 대화,"취미가 뭐에요?
저는 등산을 좋아해요.
정말요? 저도 등산 좋아해요.
다음에 같이 갈래요?
좋아요, 언제 갈까요?"
525,일반 대화,"오늘 날씨 정말 좋네요.
네, 산책하기 좋은 날씨에요.
어디 갈 계획 있으세요?
그냥 동네 한 바퀴 돌까 생각 중이에요.
좋네요. 같이 가요."
526,일반 대화,"이 책 읽어보셨어요?
아직 못 읽어봤어요.
정말 재미있어요. 추천해드릴게요.
감사합니다. 꼭 읽어볼게요.
읽고 나서 이야기해요."
527,일반 대화,"점심 뭐 드실 거에요?
아직 고민 중이에요.
저도요. 추천해주실 만한 곳 있나요?
근처에 새로 생긴 식당이 있어요.
그럼 거기로 가볼까요?"
528,일반 대화,"새로운 식당 가봤어요?
네, 음식이 정말 맛있더라고요.
뭐가 제일 맛있었어요?
스테이크가 최고였어요.
다음에 저도 가봐야겠어요."
529,일반 대화,"이번 주말에 뭐 하세요?
특별한 계획은 없어요.
그럼 같이 드라이브 갈래요?
좋죠! 어디로 갈까요?
바닷가 쪽으로 가볼까요?"
530,일반 대화,"점심 뭐 드실 거에요?
아직 고민 중이에요.
저도요. 추천해주실 만한 곳 있나요?
근처에 새로 생긴 식당이 있어요.
그럼 거기로 가볼까요?"
531,일반 대화,"취미가 뭐에요?
저는 등산을 좋아해요.
정말요? 저도 등산 좋아해요.
다음에 같이 갈래요?
좋아요, 언제 갈까요?"
532,일반 대화,"커피 마실래요?
네, 좋죠.
무슨 커피 좋아하세요?
저는 라떼요.
저도 라떼 좋아해요. 두 잔 주문할게요."
533,일반 대화,"이번 주말에 영화 보러 갈래요?
좋은 생각이에요. 어떤 영화요?
새로 개봉한 액션 영화요.
좋아요. 시간은 언제가 좋을까요?
오후 3시쯤 어때요?"
534,일반 대화,"오늘 날씨 정말 좋네요.
네, 산책하기 좋은 날씨에요.
어디 갈 계획 있으세요?
그냥 동네 한 바퀴 돌까 생각 중이에요.
좋네요. 같이 가요."
535,일반 대화,"점심 뭐 드실 거에요?
아직 고민 중이에요.
저도요. 추천해주실 만한 곳 있나요?
근처에 새로 생긴 식당이 있어요.
그럼 거기로 가볼까요?"
536,일반 대화,"취미가 뭐에요?
저는 등산을 좋아해요.
정말요? 저도 등산 좋아해요.
다음에 같이 갈래요?
좋아요, 언제 갈까요?"
537,일반 대화,"취미가 뭐에요?
저는 등산을 좋아해요.
정말요? 저도 등산 좋아해요.
다음에 같이 갈래요?
좋아요, 언제 갈까요?"
538,일반 대화,"어제 경기 봤어요?
네, 정말 흥미진진했어요.
그 선수 대단했죠?
맞아요, 마지막 순간이 인상적이었어요.
다음 경기도 기대돼요."
539,일반 대화,"새로운 프로젝트 어떻게 생각하세요?
도전적이지만 흥미로워 보여요.
맞아요, 많이 배울 수 있을 것 같아요.
우리 팀이 잘 해낼 거라고 믿어요.
그럼요, 함께 힘내봐요."
540,일반 대화,"새로운 식당 가봤어요?
네, 음식이 정말 맛있더라고요.
뭐가 제일 맛있었어요?
스테이크가 최고였어요.
다음에 저도 가봐야겠어요."
541,일반 대화,"취미가 뭐에요?
저는 등산을 좋아해요.
정말요? 저도 등산 좋아해요.
다음에 같이 갈래요?
좋아요, 언제 갈까요?"
542,일반 대화,"이 책 읽어보셨어요?
아직 못 읽어봤어요.
정말 재미있어요. 추천해드릴게요.
감사합니다. 꼭 읽어볼게요.
읽고 나서 이야기해요."
543,일반 대화,"취미가 뭐에요?
저는 등산을 좋아해요.
정말요? 저도 등산 좋아해요.
다음에 같이 갈래요?
좋아요, 언제 갈까요?"
544,일반 대화,"어제 경기 봤어요?
네, 정말 흥미진진했어요.
그 선수 대단했죠?
맞아요, 마지막 순간이 인상적이었어요.
다음 경기도 기대돼요."
545,일반 대화,"이 책 읽어보셨어요?
아직 못 읽어봤어요.
정말 재미있어요. 추천해드릴게요.
감사합니다. 꼭 읽어볼게요.
읽고 나서 이야기해요."
546,일반 대화,"커피 마실래요?
네, 좋죠.
무슨 커피 좋아하세요?
저는 라떼요.
저도 라떼 좋아해요. 두 잔 주문할게요."
547,일반 대화,"오늘 날씨 정말 좋네요.
네, 산책하기 좋은 날씨에요.
어디 갈 계획 있으세요?
그냥 동네 한 바퀴 돌까 생각 중이에요.
좋네요. 같이 가요."
548,일반 대화,"오늘 날씨 정말 좋네요.
네, 산책하기 좋은 날씨에요.
어디 갈 계획 있으세요?
그냥 동네 한 바퀴 돌까 생각 중이에요.
좋네요. 같이 가요."
549,일반 대화,"이번 주말에 뭐 하세요?
특별한 계획은 없어요.
그럼 같이 드라이브 갈래요?
좋죠! 어디로 갈까요?
바닷가 쪽으로 가볼까요?"
550,일반 대화,"어제 경기 봤어요?
네, 정말 흥미진진했어요.
그 선수 대단했죠?
맞아요, 마지막 순간이 인상적이었어요.
다음 경기도 기대돼요."
551,일반 대화,"점심 뭐 드실 거에요?
아직 고민 중이에요.
저도요. 추천해주실 만한 곳 있나요?
근처에 새로 생긴 식당이 있어요.
그럼 거기로 가볼까요?"
552,일반 대화,"이번 주말에 뭐 하세요?
특별한 계획은 없어요.
그럼 같이 드라이브 갈래요?
좋죠! 어디로 갈까요?
바닷가 쪽으로 가볼까요?"
553,일반 대화,"커피 마실래요?
네, 좋죠.
무슨 커피 좋아하세요?
저는 라떼요.
저도 라떼 좋아해요. 두 잔 주문할게요."
554,일반 대화,"점심 뭐 드실 거에요?
아직 고민 중이에요.
저도요. 추천해주실 만한 곳 있나요?
근처에 새로 생긴 식당이 있어요.
그럼 거기로 가볼까요?"
555,일반 대화,"취미가 뭐에요?
저는 등산을 좋아해요.
정말요? 저도 등산 좋아해요.
다음에 같이 갈래요?
좋아요, 언제 갈까요?"
556,일반 대화,"어제 경기 봤어요?
네, 정말 흥미진진했어요.
그 선수 대단했죠?
맞아요, 마지막 순간이 인상적이었어요.
다음 경기도 기대돼요."
557,일반 대화,"어제 경기 봤어요?
네, 정말 흥미진진했어요.
그 선수 대단했죠?
맞아요, 마지막 순간이 인상적이었어요.
다음 경기도 기대돼요."
558,일반 대화,"점심 뭐 드실 거에요?
아직 고민 중이에요.
저도요. 추천해주실 만한 곳 있나요?
근처에 새로 생긴 식당이 있어요.
그럼 거기로 가볼까요?"
559,일반 대화,"이번 주말에 영화 보러 갈래요?
좋은 생각이에요. 어떤 영화요?
새로 개봉한 액션 영화요.
좋아요. 시간은 언제가 좋을까요?
오후 3시쯤 어때요?"
560,일반 대화,"이 책 읽어보셨어요?
아직 못 읽어봤어요.
정말 재미있어요. 추천해드릴게요.
감사합니다. 꼭 읽어볼게요.
읽고 나서 이야기해요."
561,일반 대화,"새로운 식당 가봤어요?
네, 음식이 정말 맛있더라고요.
뭐가 제일 맛있었어요?
스테이크가 최고였어요.
다음에 저도 가봐야겠어요."
562,일반 대화,"이번 주말에 영화 보러 갈래요?
좋은 생각이에요. 어떤 영화요?
새로 개봉한 액션 영화요.
좋아요. 시간은 언제가 좋을까요?
오후 3시쯤 어때요?"
563,일반 대화,"커피 마실래요?
네, 좋죠.
무슨 커피 좋아하세요?
저는 라떼요.
저도 라떼 좋아해요. 두 잔 주문할게요."
564,일반 대화,"이 책 읽어보셨어요?
아직 못 읽어봤어요.
정말 재미있어요. 추천해드릴게요.
감사합니다. 꼭 읽어볼게요.
읽고 나서 이야기해요."
565,일반 대화,"취미가 뭐에요?
저는 등산을 좋아해요.
정말요? 저도 등산 좋아해요.
다음에 같이 갈래요?
좋아요, 언제 갈까요?"
566,일반 대화,"새로운 프로젝트 어떻게 생각하세요?
도전적이지만 흥미로워 보여요.
맞아요, 많이 배울 수 있을 것 같아요.
우리 팀이 잘 해낼 거라고 믿어요.
그럼요, 함께 힘내봐요."
567,일반 대화,"새로운 식당 가봤어요?
네, 음식이 정말 맛있더라고요.
뭐가 제일 맛있었어요?
스테이크가 최고였어요.
다음에 저도 가봐야겠어요."
568,일반 대화,"커피 마실래요?
네, 좋죠.
무슨 커피 좋아하세요?
저는 라떼요.
저도 라떼 좋아해요. 두 잔 주문할게요."
569,일반 대화,"점심 뭐 드실 거에요?
아직 고민 중이에요.
저도요. 추천해주실 만한 곳 있나요?
근처에 새로 생긴 식당이 있어요.
그럼 거기로 가볼까요?"
570,일반 대화,"새로운 식당 가봤어요?
네, 음식이 정말 맛있더라고요.
뭐가 제일 맛있었어요?
스테이크가 최고였어요.
다음에 저도 가봐야겠어요."
571,일반 대화,"이번 주말에 영화 보러 갈래요?
좋은 생각이에요. 어떤 영화요?
새로 개봉한 액션 영화요.
좋아요. 시간은 언제가 좋을까요?
오후 3시쯤 어때요?"
572,일반 대화,"새로운 식당 가봤어요?
네, 음식이 정말 맛있더라고요.
뭐가 제일 맛있었어요?
스테이크가 최고였어요.
다음에 저도 가봐야겠어요."
573,일반 대화,"이 책 읽어보셨어요?
아직 못 읽어봤어요.
정말 재미있어요. 추천해드릴게요.
감사합니다. 꼭 읽어볼게요.
읽고 나서 이야기해요."
574,일반 대화,"이번 주말에 영화 보러 갈래요?
좋은 생각이에요. 어떤 영화요?
새로 개봉한 액션 영화요.
좋아요. 시간은 언제가 좋을까요?
오후 3시쯤 어때요?"
575,일반 대화,"오늘 날씨 정말 좋네요.
네, 산책하기 좋은 날씨에요.
어디 갈 계획 있으세요?
그냥 동네 한 바퀴 돌까 생각 중이에요.
좋네요. 같이 가요."
576,일반 대화,"이번 주말에 뭐 하세요?
특별한 계획은 없어요.
그럼 같이 드라이브 갈래요?
좋죠! 어디로 갈까요?
바닷가 쪽으로 가볼까요?"
577,일반 대화,"새로운 프로젝트 어떻게 생각하세요?
도전적이지만 흥미로워 보여요.
맞아요, 많이 배울 수 있을 것 같아요.
우리 팀이 잘 해낼 거라고 믿어요.
그럼요, 함께 힘내봐요."
578,일반 대화,"이번 주말에 뭐 하세요?
특별한 계획은 없어요.
그럼 같이 드라이브 갈래요?
좋죠! 어디로 갈까요?
바닷가 쪽으로 가볼까요?"
579,일반 대화,"어제 경기 봤어요?
네, 정말 흥미진진했어요.
그 선수 대단했죠?
맞아요, 마지막 순간이 인상적이었어요.
다음 경기도 기대돼요."
580,일반 대화,"이번 주말에 영화 보러 갈래요?
좋은 생각이에요. 어떤 영화요?
새로 개봉한 액션 영화요.
좋아요. 시간은 언제가 좋을까요?
오후 3시쯤 어때요?"
581,일반 대화,"어제 경기 봤어요?
네, 정말 흥미진진했어요.
그 선수 대단했죠?
맞아요, 마지막 순간이 인상적이었어요.
다음 경기도 기대돼요."
582,일반 대화,"커피 마실래요?
네, 좋죠.
무슨 커피 좋아하세요?
저는 라떼요.
저도 라떼 좋아해요. 두 잔 주문할게요."
583,일반 대화,"커피 마실래요?
네, 좋죠.
무슨 커피 좋아하세요?
저는 라떼요.
저도 라떼 좋아해요. 두 잔 주문할게요."
584,일반 대화,"새로운 식당 가봤어요?
네, 음식이 정말 맛있더라고요.
뭐가 제일 맛있었어요?
스테이크가 최고였어요.
다음에 저도 가봐야겠어요."
585,일반 대화,"이번 주말에 영화 보러 갈래요?
좋은 생각이에요. 어떤 영화요?
새로 개봉한 액션 영화요.
좋아요. 시간은 언제가 좋을까요?
오후 3시쯤 어때요?"
586,일반 대화,"이번 주말에 뭐 하세요?
특별한 계획은 없어요.
그럼 같이 드라이브 갈래요?
좋죠! 어디로 갈까요?
바닷가 쪽으로 가볼까요?"
587,일반 대화,"이번 주말에 뭐 하세요?
특별한 계획은 없어요.
그럼 같이 드라이브 갈래요?
좋죠! 어디로 갈까요?
바닷가 쪽으로 가볼까요?"
588,일반 대화,"커피 마실래요?
네, 좋죠.
무슨 커피 좋아하세요?
저는 라떼요.
저도 라떼 좋아해요. 두 잔 주문할게요."
589,일반 대화,"취미가 뭐에요?
저는 등산을 좋아해요.
정말요? 저도 등산 좋아해요.
다음에 같이 갈래요?
좋아요, 언제 갈까요?"
590,일반 대화,"오늘 날씨 정말 좋네요.
네, 산책하기 좋은 날씨에요.
어디 갈 계획 있으세요?
그냥 동네 한 바퀴 돌까 생각 중이에요.
좋네요. 같이 가요."
591,일반 대화,"오늘 날씨 정말 좋네요.
네, 산책하기 좋은 날씨에요.
어디 갈 계획 있으세요?
그냥 동네 한 바퀴 돌까 생각 중이에요.
좋네요. 같이 가요."
592,일반 대화,"오늘 날씨 정말 좋네요.
네, 산책하기 좋은 날씨에요.
어디 갈 계획 있으세요?
그냥 동네 한 바퀴 돌까 생각 중이에요.
좋네요. 같이 가요."
593,일반 대화,"새로운 프로젝트 어떻게 생각하세요?
도전적이지만 흥미로워 보여요.
맞아요, 많이 배울 수 있을 것 같아요.
우리 팀이 잘 해낼 거라고 믿어요.
그럼요, 함께 힘내봐요."
594,일반 대화,"어제 경기 봤어요?
네, 정말 흥미진진했어요.
그 선수 대단했죠?
맞아요, 마지막 순간이 인상적이었어요.
다음 경기도 기대돼요."
595,일반 대화,"오늘 날씨 정말 좋네요.
네, 산책하기 좋은 날씨에요.
어디 갈 계획 있으세요?
그냥 동네 한 바퀴 돌까 생각 중이에요.
좋네요. 같이 가요."
596,일반 대화,"점심 뭐 드실 거에요?
아직 고민 중이에요.
저도요. 추천해주실 만한 곳 있나요?
근처에 새로 생긴 식당이 있어요.
그럼 거기로 가볼까요?"
597,일반 대화,"이번 주말에 뭐 하세요?
특별한 계획은 없어요.
그럼 같이 드라이브 갈래요?
좋죠! 어디로 갈까요?
바닷가 쪽으로 가볼까요?"
598,일반 대화,"점심 뭐 드실 거에요?
아직 고민 중이에요.
저도요. 추천해주실 만한 곳 있나요?
근처에 새로 생긴 식당이 있어요.
그럼 거기로 가볼까요?"
599,일반 대화,"이번 주말에 뭐 하세요?
특별한 계획은 없어요.
그럼 같이 드라이브 갈래요?
좋죠! 어디로 갈까요?
바닷가 쪽으로 가볼까요?"
600,일반 대화,"이 책 읽어보셨어요?
아직 못 읽어봤어요.
정말 재미있어요. 추천해드릴게요.
감사합니다. 꼭 읽어볼게요.
읽고 나서 이야기해요."
601,일반 대화,"커피 마실래요?
네, 좋죠.
무슨 커피 좋아하세요?
저는 라떼요.
저도 라떼 좋아해요. 두 잔 주문할게요."
602,일반 대화,"점심 뭐 드실 거에요?
아직 고민 중이에요.
저도요. 추천해주실 만한 곳 있나요?
근처에 새로 생긴 식당이 있어요.
그럼 거기로 가볼까요?"
603,일반 대화,"커피 마실래요?
네, 좋죠.
무슨 커피 좋아하세요?
저는 라떼요.
저도 라떼 좋아해요. 두 잔 주문할게요."
604,일반 대화,"새로운 식당 가봤어요?
네, 음식이 정말 맛있더라고요.
뭐가 제일 맛있었어요?
스테이크가 최고였어요.
다음에 저도 가봐야겠어요."
605,일반 대화,"이번 주말에 영화 보러 갈래요?
좋은 생각이에요. 어떤 영화요?
새로 개봉한 액션 영화요.
좋아요. 시간은 언제가 좋을까요?
오후 3시쯤 어때요?"
606,일반 대화,"커피 마실래요?
네, 좋죠.
무슨 커피 좋아하세요?
저는 라떼요.
저도 라떼 좋아해요. 두 잔 주문할게요."
607,일반 대화,"이번 주말에 영화 보러 갈래요?
좋은 생각이에요. 어떤 영화요?
새로 개봉한 액션 영화요.
좋아요. 시간은 언제가 좋을까요?
오후 3시쯤 어때요?"
608,일반 대화,"새로운 프로젝트 어떻게 생각하세요?
도전적이지만 흥미로워 보여요.
맞아요, 많이 배울 수 있을 것 같아요.
우리 팀이 잘 해낼 거라고 믿어요.
그럼요, 함께 힘내봐요."
609,일반 대화,"이번 주말에 뭐 하세요?
특별한 계획은 없어요.
그럼 같이 드라이브 갈래요?
좋죠! 어디로 갈까요?
바닷가 쪽으로 가볼까요?"
610,일반 대화,"새로운 식당 가봤어요?
네, 음식이 정말 맛있더라고요.
뭐가 제일 맛있었어요?
스테이크가 최고였어요.
다음에 저도 가봐야겠어요."
611,일반 대화,"오늘 날씨 정말 좋네요.
네, 산책하기 좋은 날씨에요.
어디 갈 계획 있으세요?
그냥 동네 한 바퀴 돌까 생각 중이에요.
좋네요. 같이 가요."
612,일반 대화,"취미가 뭐에요?
저는 등산을 좋아해요.
정말요? 저도 등산 좋아해요.
다음에 같이 갈래요?
좋아요, 언제 갈까요?"
613,일반 대화,"새로운 프로젝트 어떻게 생각하세요?
도전적이지만 흥미로워 보여요.
맞아요, 많이 배울 수 있을 것 같아요.
우리 팀이 잘 해낼 거라고 믿어요.
그럼요, 함께 힘내봐요."
614,일반 대화,"새로운 식당 가봤어요?
네, 음식이 정말 맛있더라고요.
뭐가 제일 맛있었어요?
스테이크가 최고였어요.
다음에 저도 가봐야겠어요."
615,일반 대화,"새로운 프로젝트 어떻게 생각하세요?
도전적이지만 흥미로워 보여요.
맞아요, 많이 배울 수 있을 것 같아요.
우리 팀이 잘 해낼 거라고 믿어요.
그럼요, 함께 힘내봐요."
616,일반 대화,"오늘 날씨 정말 좋네요.
네, 산책하기 좋은 날씨에요.
어디 갈 계획 있으세요?
그냥 동네 한 바퀴 돌까 생각 중이에요.
좋네요. 같이 가요."
617,일반 대화,"오늘 날씨 정말 좋네요.
네, 산책하기 좋은 날씨에요.
어디 갈 계획 있으세요?
그냥 동네 한 바퀴 돌까 생각 중이에요.
좋네요. 같이 가요."
618,일반 대화,"오늘 날씨 정말 좋네요.
네, 산책하기 좋은 날씨에요.
어디 갈 계획 있으세요?
그냥 동네 한 바퀴 돌까 생각 중이에요.
좋네요. 같이 가요."
619,일반 대화,"오늘 날씨 정말 좋네요.
네, 산책하기 좋은 날씨에요.
어디 갈 계획 있으세요?
그냥 동네 한 바퀴 돌까 생각 중이에요.
좋네요. 같이 가요."
620,일반 대화,"커피 마실래요?
네, 좋죠.
무슨 커피 좋아하세요?
저는 라떼요.
저도 라떼 좋아해요. 두 잔 주문할게요."
621,일반 대화,"점심 뭐 드실 거에요?
아직 고민 중이에요.
저도요. 추천해주실 만한 곳 있나요?
근처에 새로 생긴 식당이 있어요.
그럼 거기로 가볼까요?"
622,일반 대화,"이번 주말에 뭐 하세요?
특별한 계획은 없어요.
그럼 같이 드라이브 갈래요?
좋죠! 어디로 갈까요?
바닷가 쪽으로 가볼까요?"
623,일반 대화,"커피 마실래요?
네, 좋죠.
무슨 커피 좋아하세요?
저는 라떼요.
저도 라떼 좋아해요. 두 잔 주문할게요."
624,일반 대화,"어제 경기 봤어요?
네, 정말 흥미진진했어요.
그 선수 대단했죠?
맞아요, 마지막 순간이 인상적이었어요.
다음 경기도 기대돼요."
625,일반 대화,"새로운 식당 가봤어요?
네, 음식이 정말 맛있더라고요.
뭐가 제일 맛있었어요?
스테이크가 최고였어요.
다음에 저도 가봐야겠어요."
626,일반 대화,"어제 경기 봤어요?
네, 정말 흥미진진했어요.
그 선수 대단했죠?
맞아요, 마지막 순간이 인상적이었어요.
다음 경기도 기대돼요."
627,일반 대화,"새로운 프로젝트 어떻게 생각하세요?
도전적이지만 흥미로워 보여요.
맞아요, 많이 배울 수 있을 것 같아요.
우리 팀이 잘 해낼 거라고 믿어요.
그럼요, 함께 힘내봐요."
628,일반 대화,"이 책 읽어보셨어요?
아직 못 읽어봤어요.
정말 재미있어요. 추천해드릴게요.
감사합니다. 꼭 읽어볼게요.
읽고 나서 이야기해요."
629,일반 대화,"이 책 읽어보셨어요?
아직 못 읽어봤어요.
정말 재미있어요. 추천해드릴게요.
감사합니다. 꼭 읽어볼게요.
읽고 나서 이야기해요."
630,일반 대화,"이 책 읽어보셨어요?
아직 못 읽어봤어요.
정말 재미있어요. 추천해드릴게요.
감사합니다. 꼭 읽어볼게요.
읽고 나서 이야기해요."
631,일반 대화,"커피 마실래요?
네, 좋죠.
무슨 커피 좋아하세요?
저는 라떼요.
저도 라떼 좋아해요. 두 잔 주문할게요."
632,일반 대화,"새로운 프로젝트 어떻게 생각하세요?
도전적이지만 흥미로워 보여요.
맞아요, 많이 배울 수 있을 것 같아요.
우리 팀이 잘 해낼 거라고 믿어요.
그럼요, 함께 힘내봐요."
633,일반 대화,"커피 마실래요?
네, 좋죠.
무슨 커피 좋아하세요?
저는 라떼요.
저도 라떼 좋아해요. 두 잔 주문할게요."
634,일반 대화,"이번 주말에 뭐 하세요?
특별한 계획은 없어요.
그럼 같이 드라이브 갈래요?
좋죠! 어디로 갈까요?
바닷가 쪽으로 가볼까요?"
635,일반 대화,"커피 마실래요?
네, 좋죠.
무슨 커피 좋아하세요?
저는 라떼요.
저도 라떼 좋아해요. 두 잔 주문할게요."
636,일반 대화,"새로운 프로젝트 어떻게 생각하세요?
도전적이지만 흥미로워 보여요.
맞아요, 많이 배울 수 있을 것 같아요.
우리 팀이 잘 해낼 거라고 믿어요.
그럼요, 함께 힘내봐요."
637,일반 대화,"이번 주말에 영화 보러 갈래요?
좋은 생각이에요. 어떤 영화요?
새로 개봉한 액션 영화요.
좋아요. 시간은 언제가 좋을까요?
오후 3시쯤 어때요?"
638,일반 대화,"이 책 읽어보셨어요?
아직 못 읽어봤어요.
정말 재미있어요. 추천해드릴게요.
감사합니다. 꼭 읽어볼게요.
읽고 나서 이야기해요."
639,일반 대화,"점심 뭐 드실 거에요?
아직 고민 중이에요.
저도요. 추천해주실 만한 곳 있나요?
근처에 새로 생긴 식당이 있어요.
그럼 거기로 가볼까요?"
640,일반 대화,"이번 주말에 뭐 하세요?
특별한 계획은 없어요.
그럼 같이 드라이브 갈래요?
좋죠! 어디로 갈까요?
바닷가 쪽으로 가볼까요?"
641,일반 대화,"새로운 프로젝트 어떻게 생각하세요?
도전적이지만 흥미로워 보여요.
맞아요, 많이 배울 수 있을 것 같아요.
우리 팀이 잘 해낼 거라고 믿어요.
그럼요, 함께 힘내봐요."
642,일반 대화,"이 책 읽어보셨어요?
아직 못 읽어봤어요.
정말 재미있어요. 추천해드릴게요.
감사합니다. 꼭 읽어볼게요.
읽고 나서 이야기해요."
643,일반 대화,"새로운 식당 가봤어요?
네, 음식이 정말 맛있더라고요.
뭐가 제일 맛있었어요?
스테이크가 최고였어요.
다음에 저도 가봐야겠어요."
644,일반 대화,"이번 주말에 영화 보러 갈래요?
좋은 생각이에요. 어떤 영화요?
새로 개봉한 액션 영화요.
좋아요. 시간은 언제가 좋을까요?
오후 3시쯤 어때요?"
645,일반 대화,"이 책 읽어보셨어요?
아직 못 읽어봤어요.
정말 재미있어요. 추천해드릴게요.
감사합니다. 꼭 읽어볼게요.
읽고 나서 이야기해요."
646,일반 대화,"점심 뭐 드실 거에요?
아직 고민 중이에요.
저도요. 추천해주실 만한 곳 있나요?
근처에 새로 생긴 식당이 있어요.
그럼 거기로 가볼까요?"
647,일반 대화,"이번 주말에 영화 보러 갈래요?
좋은 생각이에요. 어떤 영화요?
새로 개봉한 액션 영화요.
좋아요. 시간은 언제가 좋을까요?
오후 3시쯤 어때요?"
648,일반 대화,"이번 주말에 영화 보러 갈래요?
좋은 생각이에요. 어떤 영화요?
새로 개봉한 액션 영화요.
좋아요. 시간은 언제가 좋을까요?
오후 3시쯤 어때요?"
649,일반 대화,"오늘 날씨 정말 좋네요.
네, 산책하기 좋은 날씨에요.
어디 갈 계획 있으세요?
그냥 동네 한 바퀴 돌까 생각 중이에요.
좋네요. 같이 가요."
650,일반 대화,"새로운 식당 가봤어요?
네, 음식이 정말 맛있더라고요.
뭐가 제일 맛있었어요?
스테이크가 최고였어요.
다음에 저도 가봐야겠어요."
651,일반 대화,"이번 주말에 영화 보러 갈래요?
좋은 생각이에요. 어떤 영화요?
새로 개봉한 액션 영화요.
좋아요. 시간은 언제가 좋을까요?
오후 3시쯤 어때요?"
652,일반 대화,"이번 주말에 뭐 하세요?
특별한 계획은 없어요.
그럼 같이 드라이브 갈래요?
좋죠! 어디로 갈까요?
바닷가 쪽으로 가볼까요?"
653,일반 대화,"어제 경기 봤어요?
네, 정말 흥미진진했어요.
그 선수 대단했죠?
맞아요, 마지막 순간이 인상적이었어요.
다음 경기도 기대돼요."
654,일반 대화,"어제 경기 봤어요?
네, 정말 흥미진진했어요.
그 선수 대단했죠?
맞아요, 마지막 순간이 인상적이었어요.
다음 경기도 기대돼요."
655,일반 대화,"어제 경기 봤어요?
네, 정말 흥미진진했어요.
그 선수 대단했죠?
맞아요, 마지막 순간이 인상적이었어요.
다음 경기도 기대돼요."
656,일반 대화,"오늘 날씨 정말 좋네요.
네, 산책하기 좋은 날씨에요.
어디 갈 계획 있으세요?
그냥 동네 한 바퀴 돌까 생각 중이에요.
좋네요. 같이 가요."
657,일반 대화,"새로운 프로젝트 어떻게 생각하세요?
도전적이지만 흥미로워 보여요.
맞아요, 많이 배울 수 있을 것 같아요.
우리 팀이 잘 해낼 거라고 믿어요.
그럼요, 함께 힘내봐요."
658,일반 대화,"이 책 읽어보셨어요?
아직 못 읽어봤어요.
정말 재미있어요. 추천해드릴게요.
감사합니다. 꼭 읽어볼게요.
읽고 나서 이야기해요."
659,일반 대화,"이 책 읽어보셨어요?
아직 못 읽어봤어요.
정말 재미있어요. 추천해드릴게요.
감사합니다. 꼭 읽어볼게요.
읽고 나서 이야기해요."
660,일반 대화,"어제 경기 봤어요?
네, 정말 흥미진진했어요.
그 선수 대단했죠?
맞아요, 마지막 순간이 인상적이었어요.
다음 경기도 기대돼요."
661,일반 대화,"취미가 뭐에요?
저는 등산을 좋아해요.
정말요? 저도 등산 좋아해요.
다음에 같이 갈래요?
좋아요, 언제 갈까요?"
662,일반 대화,"오늘 날씨 정말 좋네요.
네, 산책하기 좋은 날씨에요.
어디 갈 계획 있으세요?
그냥 동네 한 바퀴 돌까 생각 중이에요.
좋네요. 같이 가요."
663,일반 대화,"이번 주말에 영화 보러 갈래요?
좋은 생각이에요. 어떤 영화요?
새로 개봉한 액션 영화요.
좋아요. 시간은 언제가 좋을까요?
오후 3시쯤 어때요?"
664,일반 대화,"이번 주말에 영화 보러 갈래요?
좋은 생각이에요. 어떤 영화요?
새로 개봉한 액션 영화요.
좋아요. 시간은 언제가 좋을까요?
오후 3시쯤 어때요?"
665,일반 대화,"오늘 날씨 정말 좋네요.
네, 산책하기 좋은 날씨에요.
어디 갈 계획 있으세요?
그냥 동네 한 바퀴 돌까 생각 중이에요.
좋네요. 같이 가요."
666,일반 대화,"취미가 뭐에요?
저는 등산을 좋아해요.
정말요? 저도 등산 좋아해요.
다음에 같이 갈래요?
좋아요, 언제 갈까요?"
667,일반 대화,"커피 마실래요?
네, 좋죠.
무슨 커피 좋아하세요?
저는 라떼요.
저도 라떼 좋아해요. 두 잔 주문할게요."
668,일반 대화,"점심 뭐 드실 거에요?
아직 고민 중이에요.
저도요. 추천해주실 만한 곳 있나요?
근처에 새로 생긴 식당이 있어요.
그럼 거기로 가볼까요?"
669,일반 대화,"새로운 프로젝트 어떻게 생각하세요?
도전적이지만 흥미로워 보여요.
맞아요, 많이 배울 수 있을 것 같아요.
우리 팀이 잘 해낼 거라고 믿어요.
그럼요, 함께 힘내봐요."
670,일반 대화,"커피 마실래요?
네, 좋죠.
무슨 커피 좋아하세요?
저는 라떼요.
저도 라떼 좋아해요. 두 잔 주문할게요."
671,일반 대화,"점심 뭐 드실 거에요?
아직 고민 중이에요.
저도요. 추천해주실 만한 곳 있나요?
근처에 새로 생긴 식당이 있어요.
그럼 거기로 가볼까요?"
672,일반 대화,"오늘 날씨 정말 좋네요.
네, 산책하기 좋은 날씨에요.
어디 갈 계획 있으세요?
그냥 동네 한 바퀴 돌까 생각 중이에요.
좋네요. 같이 가요."
673,일반 대화,"커피 마실래요?
네, 좋죠.
무슨 커피 좋아하세요?
저는 라떼요.
저도 라떼 좋아해요. 두 잔 주문할게요."
674,일반 대화,"점심 뭐 드실 거에요?
아직 고민 중이에요.
저도요. 추천해주실 만한 곳 있나요?
근처에 새로 생긴 식당이 있어요.
그럼 거기로 가볼까요?"
675,일반 대화,"새로운 프로젝트 어떻게 생각하세요?
도전적이지만 흥미로워 보여요.
맞아요, 많이 배울 수 있을 것 같아요.
우리 팀이 잘 해낼 거라고 믿어요.
그럼요, 함께 힘내봐요."
676,일반 대화,"어제 경기 봤어요?
네, 정말 흥미진진했어요.
그 선수 대단했죠?
맞아요, 마지막 순간이 인상적이었어요.
다음 경기도 기대돼요."
677,일반 대화,"취미가 뭐에요?
저는 등산을 좋아해요.
정말요? 저도 등산 좋아해요.
다음에 같이 갈래요?
좋아요, 언제 갈까요?"
678,일반 대화,"이번 주말에 뭐 하세요?
특별한 계획은 없어요.
그럼 같이 드라이브 갈래요?
좋죠! 어디로 갈까요?
바닷가 쪽으로 가볼까요?"
679,일반 대화,"취미가 뭐에요?
저는 등산을 좋아해요.
정말요? 저도 등산 좋아해요.
다음에 같이 갈래요?
좋아요, 언제 갈까요?"
680,일반 대화,"커피 마실래요?
네, 좋죠.
무슨 커피 좋아하세요?
저는 라떼요.
저도 라떼 좋아해요. 두 잔 주문할게요."
681,일반 대화,"이번 주말에 영화 보러 갈래요?
좋은 생각이에요. 어떤 영화요?
새로 개봉한 액션 영화요.
좋아요. 시간은 언제가 좋을까요?
오후 3시쯤 어때요?"
682,일반 대화,"이번 주말에 뭐 하세요?
특별한 계획은 없어요.
그럼 같이 드라이브 갈래요?
좋죠! 어디로 갈까요?
바닷가 쪽으로 가볼까요?"
683,일반 대화,"점심 뭐 드실 거에요?
아직 고민 중이에요.
저도요. 추천해주실 만한 곳 있나요?
근처에 새로 생긴 식당이 있어요.
그럼 거기로 가볼까요?"
684,일반 대화,"어제 경기 봤어요?
네, 정말 흥미진진했어요.
그 선수 대단했죠?
맞아요, 마지막 순간이 인상적이었어요.
다음 경기도 기대돼요."
685,일반 대화,"커피 마실래요?
네, 좋죠.
무슨 커피 좋아하세요?
저는 라떼요.
저도 라떼 좋아해요. 두 잔 주문할게요."
686,일반 대화,"어제 경기 봤어요?
네, 정말 흥미진진했어요.
그 선수 대단했죠?
맞아요, 마지막 순간이 인상적이었어요.
다음 경기도 기대돼요."
687,일반 대화,"점심 뭐 드실 거에요?
아직 고민 중이에요.
저도요. 추천해주실 만한 곳 있나요?
근처에 새로 생긴 식당이 있어요.
그럼 거기로 가볼까요?"
688,일반 대화,"새로운 프로젝트 어떻게 생각하세요?
도전적이지만 흥미로워 보여요.
맞아요, 많이 배울 수 있을 것 같아요.
우리 팀이 잘 해낼 거라고 믿어요.
그럼요, 함께 힘내봐요."
689,일반 대화,"이 책 읽어보셨어요?
아직 못 읽어봤어요.
정말 재미있어요. 추천해드릴게요.
감사합니다. 꼭 읽어볼게요.
읽고 나서 이야기해요."
690,일반 대화,"어제 경기 봤어요?
네, 정말 흥미진진했어요.
그 선수 대단했죠?
맞아요, 마지막 순간이 인상적이었어요.
다음 경기도 기대돼요."
691,일반 대화,"취미가 뭐에요?
저는 등산을 좋아해요.
정말요? 저도 등산 좋아해요.
다음에 같이 갈래요?
좋아요, 언제 갈까요?"
692,일반 대화,"커피 마실래요?
네, 좋죠.
무슨 커피 좋아하세요?
저는 라떼요.
저도 라떼 좋아해요. 두 잔 주문할게요."
693,일반 대화,"이번 주말에 영화 보러 갈래요?
좋은 생각이에요. 어떤 영화요?
새로 개봉한 액션 영화요.
좋아요. 시간은 언제가 좋을까요?
오후 3시쯤 어때요?"
694,일반 대화,"새로운 프로젝트 어떻게 생각하세요?
도전적이지만 흥미로워 보여요.
맞아요, 많이 배울 수 있을 것 같아요.
우리 팀이 잘 해낼 거라고 믿어요.
그럼요, 함께 힘내봐요."
695,일반 대화,"어제 경기 봤어요?
네, 정말 흥미진진했어요.
그 선수 대단했죠?
맞아요, 마지막 순간이 인상적이었어요.
다음 경기도 기대돼요."
696,일반 대화,"취미가 뭐에요?
저는 등산을 좋아해요.
정말요? 저도 등산 좋아해요.
다음에 같이 갈래요?
좋아요, 언제 갈까요?"
697,일반 대화,"점심 뭐 드실 거에요?
아직 고민 중이에요.
저도요. 추천해주실 만한 곳 있나요?
근처에 새로 생긴 식당이 있어요.
그럼 거기로 가볼까요?"
698,일반 대화,"이 책 읽어보셨어요?
아직 못 읽어봤어요.
정말 재미있어요. 추천해드릴게요.
감사합니다. 꼭 읽어볼게요.
읽고 나서 이야기해요."
699,일반 대화,"이 책 읽어보셨어요?
아직 못 읽어봤어요.
정말 재미있어요. 추천해드릴게요.
감사합니다. 꼭 읽어볼게요.
읽고 나서 이야기해요."
700,일반 대화,"이번 주말에 영화 보러 갈래요?
좋은 생각이에요. 어떤 영화요?
새로 개봉한 액션 영화요.
좋아요. 시간은 언제가 좋을까요?
오후 3시쯤 어때요?"
701,일반 대화,"커피 마실래요?
네, 좋죠.
무슨 커피 좋아하세요?
저는 라떼요.
저도 라떼 좋아해요. 두 잔 주문할게요."
702,일반 대화,"새로운 식당 가봤어요?
네, 음식이 정말 맛있더라고요.
뭐가 제일 맛있었어요?
스테이크가 최고였어요.
다음에 저도 가봐야겠어요."
703,일반 대화,"어제 경기 봤어요?
네, 정말 흥미진진했어요.
그 선수 대단했죠?
맞아요, 마지막 순간이 인상적이었어요.
다음 경기도 기대돼요."
704,일반 대화,"이번 주말에 영화 보러 갈래요?
좋은 생각이에요. 어떤 영화요?
새로 개봉한 액션 영화요.
좋아요. 시간은 언제가 좋을까요?
오후 3시쯤 어때요?"
705,일반 대화,"커피 마실래요?
네, 좋죠.
무슨 커피 좋아하세요?
저는 라떼요.
저도 라떼 좋아해요. 두 잔 주문할게요."
706,일반 대화,"이 책 읽어보셨어요?
아직 못 읽어봤어요.
정말 재미있어요. 추천해드릴게요.
감사합니다. 꼭 읽어볼게요.
읽고 나서 이야기해요."
707,일반 대화,"어제 경기 봤어요?
네, 정말 흥미진진했어요.
그 선수 대단했죠?
맞아요, 마지막 순간이 인상적이었어요.
다음 경기도 기대돼요."
708,일반 대화,"이번 주말에 영화 보러 갈래요?
좋은 생각이에요. 어떤 영화요?
새로 개봉한 액션 영화요.
좋아요. 시간은 언제가 좋을까요?
오후 3시쯤 어때요?"
709,일반 대화,"취미가 뭐에요?
저는 등산을 좋아해요.
정말요? 저도 등산 좋아해요.
다음에 같이 갈래요?
좋아요, 언제 갈까요?"
710,일반 대화,"이번 주말에 영화 보러 갈래요?
좋은 생각이에요. 어떤 영화요?
새로 개봉한 액션 영화요.
좋아요. 시간은 언제가 좋을까요?
오후 3시쯤 어때요?"
711,일반 대화,"취미가 뭐에요?
저는 등산을 좋아해요.
정말요? 저도 등산 좋아해요.
다음에 같이 갈래요?
좋아요, 언제 갈까요?"
712,일반 대화,"어제 경기 봤어요?
네, 정말 흥미진진했어요.
그 선수 대단했죠?
맞아요, 마지막 순간이 인상적이었어요.
다음 경기도 기대돼요."
713,일반 대화,"이번 주말에 뭐 하세요?
특별한 계획은 없어요.
그럼 같이 드라이브 갈래요?
좋죠! 어디로 갈까요?
바닷가 쪽으로 가볼까요?"
714,일반 대화,"이 책 읽어보셨어요?
아직 못 읽어봤어요.
정말 재미있어요. 추천해드릴게요.
감사합니다. 꼭 읽어볼게요.
읽고 나서 이야기해요."
715,일반 대화,"새로운 식당 가봤어요?
네, 음식이 정말 맛있더라고요.
뭐가 제일 맛있었어요?
스테이크가 최고였어요.
다음에 저도 가봐야겠어요."
716,일반 대화,"새로운 식당 가봤어요?
네, 음식이 정말 맛있더라고요.
뭐가 제일 맛있었어요?
스테이크가 최고였어요.
다음에 저도 가봐야겠어요."
717,일반 대화,"취미가 뭐에요?
저는 등산을 좋아해요.
정말요? 저도 등산 좋아해요.
다음에 같이 갈래요?
좋아요, 언제 갈까요?"
718,일반 대화,"이 책 읽어보셨어요?
아직 못 읽어봤어요.
정말 재미있어요. 추천해드릴게요.
감사합니다. 꼭 읽어볼게요.
읽고 나서 이야기해요."
719,일반 대화,"새로운 프로젝트 어떻게 생각하세요?
도전적이지만 흥미로워 보여요.
맞아요, 많이 배울 수 있을 것 같아요.
우리 팀이 잘 해낼 거라고 믿어요.
그럼요, 함께 힘내봐요."
720,일반 대화,"점심 뭐 드실 거에요?
아직 고민 중이에요.
저도요. 추천해주실 만한 곳 있나요?
근처에 새로 생긴 식당이 있어요.
그럼 거기로 가볼까요?"
721,일반 대화,"이번 주말에 뭐 하세요?
특별한 계획은 없어요.
그럼 같이 드라이브 갈래요?
좋죠! 어디로 갈까요?
바닷가 쪽으로 가볼까요?"
722,일반 대화,"이번 주말에 뭐 하세요?
특별한 계획은 없어요.
그럼 같이 드라이브 갈래요?
좋죠! 어디로 갈까요?
바닷가 쪽으로 가볼까요?"
723,일반 대화,"커피 마실래요?
네, 좋죠.
무슨 커피 좋아하세요?
저는 라떼요.
저도 라떼 좋아해요. 두 잔 주문할게요."
724,일반 대화,"어제 경기 봤어요?
네, 정말 흥미진진했어요.
그 선수 대단했죠?
맞아요, 마지막 순간이 인상적이었어요.
다음 경기도 기대돼요."
725,일반 대화,"이번 주말에 영화 보러 갈래요?
좋은 생각이에요. 어떤 영화요?
새로 개봉한 액션 영화요.
좋아요. 시간은 언제가 좋을까요?
오후 3시쯤 어때요?"
726,일반 대화,"이번 주말에 영화 보러 갈래요?
좋은 생각이에요. 어떤 영화요?
새로 개봉한 액션 영화요.
좋아요. 시간은 언제가 좋을까요?
오후 3시쯤 어때요?"
727,일반 대화,"이 책 읽어보셨어요?
아직 못 읽어봤어요.
정말 재미있어요. 추천해드릴게요.
감사합니다. 꼭 읽어볼게요.
읽고 나서 이야기해요."
728,일반 대화,"이번 주말에 영화 보러 갈래요?
좋은 생각이에요. 어떤 영화요?
새로 개봉한 액션 영화요.
좋아요. 시간은 언제가 좋을까요?
오후 3시쯤 어때요?"
729,일반 대화,"점심 뭐 드실 거에요?
아직 고민 중이에요.
저도요. 추천해주실 만한 곳 있나요?
근처에 새로 생긴 식당이 있어요.
그럼 거기로 가볼까요?"
730,일반 대화,"이번 주말에 뭐 하세요?
특별한 계획은 없어요.
그럼 같이 드라이브 갈래요?
좋죠! 어디로 갈까요?
바닷가 쪽으로 가볼까요?"
731,일반 대화,"이 책 읽어보셨어요?
아직 못 읽어봤어요.
정말 재미있어요. 추천해드릴게요.
감사합니다. 꼭 읽어볼게요.
읽고 나서 이야기해요."
732,일반 대화,"취미가 뭐에요?
저는 등산을 좋아해요.
정말요? 저도 등산 좋아해요.
다음에 같이 갈래요?
좋아요, 언제 갈까요?"
733,일반 대화,"커피 마실래요?
네, 좋죠.
무슨 커피 좋아하세요?
저는 라떼요.
저도 라떼 좋아해요. 두 잔 주문할게요."
734,일반 대화,"새로운 프로젝트 어떻게 생각하세요?
도전적이지만 흥미로워 보여요.
맞아요, 많이 배울 수 있을 것 같아요.
우리 팀이 잘 해낼 거라고 믿어요.
그럼요, 함께 힘내봐요."
735,일반 대화,"새로운 프로젝트 어떻게 생각하세요?
도전적이지만 흥미로워 보여요.
맞아요, 많이 배울 수 있을 것 같아요.
우리 팀이 잘 해낼 거라고 믿어요.
그럼요, 함께 힘내봐요."
736,일반 대화,"점심 뭐 드실 거에요?
아직 고민 중이에요.
저도요. 추천해주실 만한 곳 있나요?
근처에 새로 생긴 식당이 있어요.
그럼 거기로 가볼까요?"
737,일반 대화,"이번 주말에 영화 보러 갈래요?
좋은 생각이에요. 어떤 영화요?
새로 개봉한 액션 영화요.
좋아요. 시간은 언제가 좋을까요?
오후 3시쯤 어때요?"
738,일반 대화,"취미가 뭐에요?
저는 등산을 좋아해요.
정말요? 저도 등산 좋아해요.
다음에 같이 갈래요?
좋아요, 언제 갈까요?"
739,일반 대화,"오늘 날씨 정말 좋네요.
네, 산책하기 좋은 날씨에요.
어디 갈 계획 있으세요?
그냥 동네 한 바퀴 돌까 생각 중이에요.
좋네요. 같이 가요."
740,일반 대화,"새로운 프로젝트 어떻게 생각하세요?
도전적이지만 흥미로워 보여요.
맞아요, 많이 배울 수 있을 것 같아요.
우리 팀이 잘 해낼 거라고 믿어요.
그럼요, 함께 힘내봐요."
741,일반 대화,"어제 경기 봤어요?
네, 정말 흥미진진했어요.
그 선수 대단했죠?
맞아요, 마지막 순간이 인상적이었어요.
다음 경기도 기대돼요."
742,일반 대화,"새로운 식당 가봤어요?
네, 음식이 정말 맛있더라고요.
뭐가 제일 맛있었어요?
스테이크가 최고였어요.
다음에 저도 가봐야겠어요."
743,일반 대화,"이번 주말에 뭐 하세요?
특별한 계획은 없어요.
그럼 같이 드라이브 갈래요?
좋죠! 어디로 갈까요?
바닷가 쪽으로 가볼까요?"
744,일반 대화,"이 책 읽어보셨어요?
아직 못 읽어봤어요.
정말 재미있어요. 추천해드릴게요.
감사합니다. 꼭 읽어볼게요.
읽고 나서 이야기해요."
745,일반 대화,"점심 뭐 드실 거에요?
아직 고민 중이에요.
저도요. 추천해주실 만한 곳 있나요?
근처에 새로 생긴 식당이 있어요.
그럼 거기로 가볼까요?"
746,일반 대화,"이 책 읽어보셨어요?
아직 못 읽어봤어요.
정말 재미있어요. 추천해드릴게요.
감사합니다. 꼭 읽어볼게요.
읽고 나서 이야기해요."
747,일반 대화,"어제 경기 봤어요?
네, 정말 흥미진진했어요.
그 선수 대단했죠?
맞아요, 마지막 순간이 인상적이었어요.
다음 경기도 기대돼요."
748,일반 대화,"오늘 날씨 정말 좋네요.
네, 산책하기 좋은 날씨에요.
어디 갈 계획 있으세요?
그냥 동네 한 바퀴 돌까 생각 중이에요.
좋네요. 같이 가요."
749,일반 대화,"커피 마실래요?
네, 좋죠.
무슨 커피 좋아하세요?
저는 라떼요.
저도 라떼 좋아해요. 두 잔 주문할게요."
750,일반 대화,"이번 주말에 영화 보러 갈래요?
좋은 생각이에요. 어떤 영화요?
새로 개봉한 액션 영화요.
좋아요. 시간은 언제가 좋을까요?
오후 3시쯤 어때요?"
751,일반 대화,"새로운 식당 가봤어요?
네, 음식이 정말 맛있더라고요.
뭐가 제일 맛있었어요?
스테이크가 최고였어요.
다음에 저도 가봐야겠어요."
752,일반 대화,"어제 경기 봤어요?
네, 정말 흥미진진했어요.
그 선수 대단했죠?
맞아요, 마지막 순간이 인상적이었어요.
다음 경기도 기대돼요."
753,일반 대화,"이번 주말에 뭐 하세요?
특별한 계획은 없어요.
그럼 같이 드라이브 갈래요?
좋죠! 어디로 갈까요?
바닷가 쪽으로 가볼까요?"
754,일반 대화,"오늘 날씨 정말 좋네요.
네, 산책하기 좋은 날씨에요.
어디 갈 계획 있으세요?
그냥 동네 한 바퀴 돌까 생각 중이에요.
좋네요. 같이 가요."
755,일반 대화,"새로운 프로젝트 어떻게 생각하세요?
도전적이지만 흥미로워 보여요.
맞아요, 많이 배울 수 있을 것 같아요.
우리 팀이 잘 해낼 거라고 믿어요.
그럼요, 함께 힘내봐요."
756,일반 대화,"커피 마실래요?
네, 좋죠.
무슨 커피 좋아하세요?
저는 라떼요.
저도 라떼 좋아해요. 두 잔 주문할게요."
757,일반 대화,"새로운 식당 가봤어요?
네, 음식이 정말 맛있더라고요.
뭐가 제일 맛있었어요?
스테이크가 최고였어요.
다음에 저도 가봐야겠어요."
758,일반 대화,"취미가 뭐에요?
저는 등산을 좋아해요.
정말요? 저도 등산 좋아해요.
다음에 같이 갈래요?
좋아요, 언제 갈까요?"
759,일반 대화,"점심 뭐 드실 거에요?
아직 고민 중이에요.
저도요. 추천해주실 만한 곳 있나요?
근처에 새로 생긴 식당이 있어요.
그럼 거기로 가볼까요?"
760,일반 대화,"새로운 프로젝트 어떻게 생각하세요?
도전적이지만 흥미로워 보여요.
맞아요, 많이 배울 수 있을 것 같아요.
우리 팀이 잘 해낼 거라고 믿어요.
그럼요, 함께 힘내봐요."
761,일반 대화,"취미가 뭐에요?
저는 등산을 좋아해요.
정말요? 저도 등산 좋아해요.
다음에 같이 갈래요?
좋아요, 언제 갈까요?"
762,일반 대화,"새로운 프로젝트 어떻게 생각하세요?
도전적이지만 흥미로워 보여요.
맞아요, 많이 배울 수 있을 것 같아요.
우리 팀이 잘 해낼 거라고 믿어요.
그럼요, 함께 힘내봐요."
763,일반 대화,"이 책 읽어보셨어요?
아직 못 읽어봤어요.
정말 재미있어요. 추천해드릴게요.
감사합니다. 꼭 읽어볼게요.
읽고 나서 이야기해요."
764,일반 대화,"이번 주말에 영화 보러 갈래요?
좋은 생각이에요. 어떤 영화요?
새로 개봉한 액션 영화요.
좋아요. 시간은 언제가 좋을까요?
오후 3시쯤 어때요?"
765,일반 대화,"어제 경기 봤어요?
네, 정말 흥미진진했어요.
그 선수 대단했죠?
맞아요, 마지막 순간이 인상적이었어요.
다음 경기도 기대돼요."
766,일반 대화,"새로운 프로젝트 어떻게 생각하세요?
도전적이지만 흥미로워 보여요.
맞아요, 많이 배울 수 있을 것 같아요.
우리 팀이 잘 해낼 거라고 믿어요.
그럼요, 함께 힘내봐요."
767,일반 대화,"새로운 프로젝트 어떻게 생각하세요?
도전적이지만 흥미로워 보여요.
맞아요, 많이 배울 수 있을 것 같아요.
우리 팀이 잘 해낼 거라고 믿어요.
그럼요, 함께 힘내봐요."
768,일반 대화,"새로운 프로젝트 어떻게 생각하세요?
도전적이지만 흥미로워 보여요.
맞아요, 많이 배울 수 있을 것 같아요.
우리 팀이 잘 해낼 거라고 믿어요.
그럼요, 함께 힘내봐요."
769,일반 대화,"오늘 날씨 정말 좋네요.
네, 산책하기 좋은 날씨에요.
어디 갈 계획 있으세요?
그냥 동네 한 바퀴 돌까 생각 중이에요.
좋네요. 같이 가요."
770,일반 대화,"새로운 식당 가봤어요?
네, 음식이 정말 맛있더라고요.
뭐가 제일 맛있었어요?
스테이크가 최고였어요.
다음에 저도 가봐야겠어요."
771,일반 대화,"이번 주말에 영화 보러 갈래요?
좋은 생각이에요. 어떤 영화요?
새로 개봉한 액션 영화요.
좋아요. 시간은 언제가 좋을까요?
오후 3시쯤 어때요?"
772,일반 대화,"새로운 프로젝트 어떻게 생각하세요?
도전적이지만 흥미로워 보여요.
맞아요, 많이 배울 수 있을 것 같아요.
우리 팀이 잘 해낼 거라고 믿어요.
그럼요, 함께 힘내봐요."
773,일반 대화,"오늘 날씨 정말 좋네요.
네, 산책하기 좋은 날씨에요.
어디 갈 계획 있으세요?
그냥 동네 한 바퀴 돌까 생각 중이에요.
좋네요. 같이 가요."
774,일반 대화,"오늘 날씨 정말 좋네요.
네, 산책하기 좋은 날씨에요.
어디 갈 계획 있으세요?
그냥 동네 한 바퀴 돌까 생각 중이에요.
좋네요. 같이 가요."
775,일반 대화,"취미가 뭐에요?
저는 등산을 좋아해요.
정말요? 저도 등산 좋아해요.
다음에 같이 갈래요?
좋아요, 언제 갈까요?"
776,일반 대화,"어제 경기 봤어요?
네, 정말 흥미진진했어요.
그 선수 대단했죠?
맞아요, 마지막 순간이 인상적이었어요.
다음 경기도 기대돼요."
777,일반 대화,"어제 경기 봤어요?
네, 정말 흥미진진했어요.
그 선수 대단했죠?
맞아요, 마지막 순간이 인상적이었어요.
다음 경기도 기대돼요."
778,일반 대화,"이번 주말에 영화 보러 갈래요?
좋은 생각이에요. 어떤 영화요?
새로 개봉한 액션 영화요.
좋아요. 시간은 언제가 좋을까요?
오후 3시쯤 어때요?"
779,일반 대화,"어제 경기 봤어요?
네, 정말 흥미진진했어요.
그 선수 대단했죠?
맞아요, 마지막 순간이 인상적이었어요.
다음 경기도 기대돼요."
780,일반 대화,"어제 경기 봤어요?
네, 정말 흥미진진했어요.
그 선수 대단했죠?
맞아요, 마지막 순간이 인상적이었어요.
다음 경기도 기대돼요."
781,일반 대화,"어제 경기 봤어요?
네, 정말 흥미진진했어요.
그 선수 대단했죠?
맞아요, 마지막 순간이 인상적이었어요.
다음 경기도 기대돼요."
782,일반 대화,"취미가 뭐에요?
저는 등산을 좋아해요.
정말요? 저도 등산 좋아해요.
다음에 같이 갈래요?
좋아요, 언제 갈까요?"
783,일반 대화,"취미가 뭐에요?
저는 등산을 좋아해요.
정말요? 저도 등산 좋아해요.
다음에 같이 갈래요?
좋아요, 언제 갈까요?"
784,일반 대화,"이번 주말에 뭐 하세요?
특별한 계획은 없어요.
그럼 같이 드라이브 갈래요?
좋죠! 어디로 갈까요?
바닷가 쪽으로 가볼까요?"
785,일반 대화,"커피 마실래요?
네, 좋죠.
무슨 커피 좋아하세요?
저는 라떼요.
저도 라떼 좋아해요. 두 잔 주문할게요."
786,일반 대화,"오늘 날씨 정말 좋네요.
네, 산책하기 좋은 날씨에요.
어디 갈 계획 있으세요?
그냥 동네 한 바퀴 돌까 생각 중이에요.
좋네요. 같이 가요."
787,일반 대화,"취미가 뭐에요?
저는 등산을 좋아해요.
정말요? 저도 등산 좋아해요.
다음에 같이 갈래요?
좋아요, 언제 갈까요?"
788,일반 대화,"새로운 식당 가봤어요?
네, 음식이 정말 맛있더라고요.
뭐가 제일 맛있었어요?
스테이크가 최고였어요.
다음에 저도 가봐야겠어요."
789,일반 대화,"이번 주말에 뭐 하세요?
특별한 계획은 없어요.
그럼 같이 드라이브 갈래요?
좋죠! 어디로 갈까요?
바닷가 쪽으로 가볼까요?"
790,일반 대화,"이 책 읽어보셨어요?
아직 못 읽어봤어요.
정말 재미있어요. 추천해드릴게요.
감사합니다. 꼭 읽어볼게요.
읽고 나서 이야기해요."
791,일반 대화,"이 책 읽어보셨어요?
아직 못 읽어봤어요.
정말 재미있어요. 추천해드릴게요.
감사합니다. 꼭 읽어볼게요.
읽고 나서 이야기해요."
792,일반 대화,"취미가 뭐에요?
저는 등산을 좋아해요.
정말요? 저도 등산 좋아해요.
다음에 같이 갈래요?
좋아요, 언제 갈까요?"
793,일반 대화,"새로운 프로젝트 어떻게 생각하세요?
도전적이지만 흥미로워 보여요.
맞아요, 많이 배울 수 있을 것 같아요.
우리 팀이 잘 해낼 거라고 믿어요.
그럼요, 함께 힘내봐요."
794,일반 대화,"새로운 프로젝트 어떻게 생각하세요?
도전적이지만 흥미로워 보여요.
맞아요, 많이 배울 수 있을 것 같아요.
우리 팀이 잘 해낼 거라고 믿어요.
그럼요, 함께 힘내봐요."
795,일반 대화,"오늘 날씨 정말 좋네요.
네, 산책하기 좋은 날씨에요.
어디 갈 계획 있으세요?
그냥 동네 한 바퀴 돌까 생각 중이에요.
좋네요. 같이 가요."
796,일반 대화,"이번 주말에 뭐 하세요?
특별한 계획은 없어요.
그럼 같이 드라이브 갈래요?
좋죠! 어디로 갈까요?
바닷가 쪽으로 가볼까요?"
797,일반 대화,"커피 마실래요?
네, 좋죠.
무슨 커피 좋아하세요?
저는 라떼요.
저도 라떼 좋아해요. 두 잔 주문할게요."
798,일반 대화,"새로운 식당 가봤어요?
네, 음식이 정말 맛있더라고요.
뭐가 제일 맛있었어요?
스테이크가 최고였어요.
다음에 저도 가봐야겠어요."
799,일반 대화,"새로운 식당 가봤어요?
네, 음식이 정말 맛있더라고요.
뭐가 제일 맛있었어요?
스테이크가 최고였어요.
다음에 저도 가봐야겠어요."
800,일반 대화,"새로운 프로젝트 어떻게 생각하세요?
도전적이지만 흥미로워 보여요.
맞아요, 많이 배울 수 있을 것 같아요.
우리 팀이 잘 해낼 거라고 믿어요.
그럼요, 함께 힘내봐요."
801,일반 대화,"취미가 뭐에요?
저는 등산을 좋아해요.
정말요? 저도 등산 좋아해요.
다음에 같이 갈래요?
좋아요, 언제 갈까요?"
802,일반 대화,"새로운 프로젝트 어떻게 생각하세요?
도전적이지만 흥미로워 보여요.
맞아요, 많이 배울 수 있을 것 같아요.
우리 팀이 잘 해낼 거라고 믿어요.
그럼요, 함께 힘내봐요."
803,일반 대화,"커피 마실래요?
네, 좋죠.
무슨 커피 좋아하세요?
저는 라떼요.
저도 라떼 좋아해요. 두 잔 주문할게요."
804,일반 대화,"커피 마실래요?
네, 좋죠.
무슨 커피 좋아하세요?
저는 라떼요.
저도 라떼 좋아해요. 두 잔 주문할게요."
805,일반 대화,"이번 주말에 뭐 하세요?
특별한 계획은 없어요.
그럼 같이 드라이브 갈래요?
좋죠! 어디로 갈까요?
바닷가 쪽으로 가볼까요?"
806,일반 대화,"이번 주말에 뭐 하세요?
특별한 계획은 없어요.
그럼 같이 드라이브 갈래요?
좋죠! 어디로 갈까요?
바닷가 쪽으로 가볼까요?"
807,일반 대화,"커피 마실래요?
네, 좋죠.
무슨 커피 좋아하세요?
저는 라떼요.
저도 라떼 좋아해요. 두 잔 주문할게요."
808,일반 대화,"새로운 프로젝트 어떻게 생각하세요?
도전적이지만 흥미로워 보여요.
맞아요, 많이 배울 수 있을 것 같아요.
우리 팀이 잘 해낼 거라고 믿어요.
그럼요, 함께 힘내봐요."
809,일반 대화,"오늘 날씨 정말 좋네요.
네, 산책하기 좋은 날씨에요.
어디 갈 계획 있으세요?
그냥 동네 한 바퀴 돌까 생각 중이에요.
좋네요. 같이 가요."
810,일반 대화,"오늘 날씨 정말 좋네요.
네, 산책하기 좋은 날씨에요.
어디 갈 계획 있으세요?
그냥 동네 한 바퀴 돌까 생각 중이에요.
좋네요. 같이 가요."
811,일반 대화,"오늘 날씨 정말 좋네요.
네, 산책하기 좋은 날씨에요.
어디 갈 계획 있으세요?
그냥 동네 한 바퀴 돌까 생각 중이에요.
좋네요. 같이 가요."
812,일반 대화,"이번 주말에 영화 보러 갈래요?
좋은 생각이에요. 어떤 영화요?
새로 개봉한 액션 영화요.
좋아요. 시간은 언제가 좋을까요?
오후 3시쯤 어때요?"
813,일반 대화,"이번 주말에 뭐 하세요?
특별한 계획은 없어요.
그럼 같이 드라이브 갈래요?
좋죠! 어디로 갈까요?
바닷가 쪽으로 가볼까요?"
814,일반 대화,"어제 경기 봤어요?
네, 정말 흥미진진했어요.
그 선수 대단했죠?
맞아요, 마지막 순간이 인상적이었어요.
다음 경기도 기대돼요."
815,일반 대화,"이 책 읽어보셨어요?
아직 못 읽어봤어요.
정말 재미있어요. 추천해드릴게요.
감사합니다. 꼭 읽어볼게요.
읽고 나서 이야기해요."
816,일반 대화,"이 책 읽어보셨어요?
아직 못 읽어봤어요.
정말 재미있어요. 추천해드릴게요.
감사합니다. 꼭 읽어볼게요.
읽고 나서 이야기해요."
817,일반 대화,"새로운 프로젝트 어떻게 생각하세요?
도전적이지만 흥미로워 보여요.
맞아요, 많이 배울 수 있을 것 같아요.
우리 팀이 잘 해낼 거라고 믿어요.
그럼요, 함께 힘내봐요."
818,일반 대화,"점심 뭐 드실 거에요?
아직 고민 중이에요.
저도요. 추천해주실 만한 곳 있나요?
근처에 새로 생긴 식당이 있어요.
그럼 거기로 가볼까요?"
819,일반 대화,"취미가 뭐에요?
저는 등산을 좋아해요.
정말요? 저도 등산 좋아해요.
다음에 같이 갈래요?
좋아요, 언제 갈까요?"
820,일반 대화,"이번 주말에 뭐 하세요?
특별한 계획은 없어요.
그럼 같이 드라이브 갈래요?
좋죠! 어디로 갈까요?
바닷가 쪽으로 가볼까요?"
821,일반 대화,"이번 주말에 뭐 하세요?
특별한 계획은 없어요.
그럼 같이 드라이브 갈래요?
좋죠! 어디로 갈까요?
바닷가 쪽으로 가볼까요?"
822,일반 대화,"새로운 프로젝트 어떻게 생각하세요?
도전적이지만 흥미로워 보여요.
맞아요, 많이 배울 수 있을 것 같아요.
우리 팀이 잘 해낼 거라고 믿어요.
그럼요, 함께 힘내봐요."
823,일반 대화,"어제 경기 봤어요?
네, 정말 흥미진진했어요.
그 선수 대단했죠?
맞아요, 마지막 순간이 인상적이었어요.
다음 경기도 기대돼요."
824,일반 대화,"이번 주말에 뭐 하세요?
특별한 계획은 없어요.
그럼 같이 드라이브 갈래요?
좋죠! 어디로 갈까요?
바닷가 쪽으로 가볼까요?"
825,일반 대화,"이번 주말에 영화 보러 갈래요?
좋은 생각이에요. 어떤 영화요?
새로 개봉한 액션 영화요.
좋아요. 시간은 언제가 좋을까요?
오후 3시쯤 어때요?"
826,일반 대화,"어제 경기 봤어요?
네, 정말 흥미진진했어요.
그 선수 대단했죠?
맞아요, 마지막 순간이 인상적이었어요.
다음 경기도 기대돼요."
827,일반 대화,"이 책 읽어보셨어요?
아직 못 읽어봤어요.
정말 재미있어요. 추천해드릴게요.
감사합니다. 꼭 읽어볼게요.
읽고 나서 이야기해요."
828,일반 대화,"새로운 식당 가봤어요?
네, 음식이 정말 맛있더라고요.
뭐가 제일 맛있었어요?
스테이크가 최고였어요.
다음에 저도 가봐야겠어요."
829,일반 대화,"어제 경기 봤어요?
네, 정말 흥미진진했어요.
그 선수 대단했죠?
맞아요, 마지막 순간이 인상적이었어요.
다음 경기도 기대돼요."
830,일반 대화,"새로운 식당 가봤어요?
네, 음식이 정말 맛있더라고요.
뭐가 제일 맛있었어요?
스테이크가 최고였어요.
다음에 저도 가봐야겠어요."
831,일반 대화,"새로운 프로젝트 어떻게 생각하세요?
도전적이지만 흥미로워 보여요.
맞아요, 많이 배울 수 있을 것 같아요.
우리 팀이 잘 해낼 거라고 믿어요.
그럼요, 함께 힘내봐요."
832,일반 대화,"어제 경기 봤어요?
네, 정말 흥미진진했어요.
그 선수 대단했죠?
맞아요, 마지막 순간이 인상적이었어요.
다음 경기도 기대돼요."
833,일반 대화,"새로운 식당 가봤어요?
네, 음식이 정말 맛있더라고요.
뭐가 제일 맛있었어요?
스테이크가 최고였어요.
다음에 저도 가봐야겠어요."
834,일반 대화,"이번 주말에 영화 보러 갈래요?
좋은 생각이에요. 어떤 영화요?
새로 개봉한 액션 영화요.
좋아요. 시간은 언제가 좋을까요?
오후 3시쯤 어때요?"
835,일반 대화,"취미가 뭐에요?
저는 등산을 좋아해요.
정말요? 저도 등산 좋아해요.
다음에 같이 갈래요?
좋아요, 언제 갈까요?"
836,일반 대화,"새로운 식당 가봤어요?
네, 음식이 정말 맛있더라고요.
뭐가 제일 맛있었어요?
스테이크가 최고였어요.
다음에 저도 가봐야겠어요."
837,일반 대화,"새로운 식당 가봤어요?
네, 음식이 정말 맛있더라고요.
뭐가 제일 맛있었어요?
스테이크가 최고였어요.
다음에 저도 가봐야겠어요."
838,일반 대화,"이번 주말에 영화 보러 갈래요?
좋은 생각이에요. 어떤 영화요?
새로 개봉한 액션 영화요.
좋아요. 시간은 언제가 좋을까요?
오후 3시쯤 어때요?"
839,일반 대화,"이 책 읽어보셨어요?
아직 못 읽어봤어요.
정말 재미있어요. 추천해드릴게요.
감사합니다. 꼭 읽어볼게요.
읽고 나서 이야기해요."
840,일반 대화,"점심 뭐 드실 거에요?
아직 고민 중이에요.
저도요. 추천해주실 만한 곳 있나요?
근처에 새로 생긴 식당이 있어요.
그럼 거기로 가볼까요?"
841,일반 대화,"새로운 식당 가봤어요?
네, 음식이 정말 맛있더라고요.
뭐가 제일 맛있었어요?
스테이크가 최고였어요.
다음에 저도 가봐야겠어요."
842,일반 대화,"오늘 날씨 정말 좋네요.
네, 산책하기 좋은 날씨에요.
어디 갈 계획 있으세요?
그냥 동네 한 바퀴 돌까 생각 중이에요.
좋네요. 같이 가요."
843,일반 대화,"새로운 프로젝트 어떻게 생각하세요?
도전적이지만 흥미로워 보여요.
맞아요, 많이 배울 수 있을 것 같아요.
우리 팀이 잘 해낼 거라고 믿어요.
그럼요, 함께 힘내봐요."
844,일반 대화,"새로운 프로젝트 어떻게 생각하세요?
도전적이지만 흥미로워 보여요.
맞아요, 많이 배울 수 있을 것 같아요.
우리 팀이 잘 해낼 거라고 믿어요.
그럼요, 함께 힘내봐요."
845,일반 대화,"이번 주말에 뭐 하세요?
특별한 계획은 없어요.
그럼 같이 드라이브 갈래요?
좋죠! 어디로 갈까요?
바닷가 쪽으로 가볼까요?"
846,일반 대화,"어제 경기 봤어요?
네, 정말 흥미진진했어요.
그 선수 대단했죠?
맞아요, 마지막 순간이 인상적이었어요.
다음 경기도 기대돼요."
847,일반 대화,"이 책 읽어보셨어요?
아직 못 읽어봤어요.
정말 재미있어요. 추천해드릴게요.
감사합니다. 꼭 읽어볼게요.
읽고 나서 이야기해요."
848,일반 대화,"새로운 식당 가봤어요?
네, 음식이 정말 맛있더라고요.
뭐가 제일 맛있었어요?
스테이크가 최고였어요.
다음에 저도 가봐야겠어요."
849,일반 대화,"오늘 날씨 정말 좋네요.
네, 산책하기 좋은 날씨에요.
어디 갈 계획 있으세요?
그냥 동네 한 바퀴 돌까 생각 중이에요.
좋네요. 같이 가요."
850,일반 대화,"오늘 날씨 정말 좋네요.
네, 산책하기 좋은 날씨에요.
어디 갈 계획 있으세요?
그냥 동네 한 바퀴 돌까 생각 중이에요.
좋네요. 같이 가요."
851,일반 대화,"새로운 식당 가봤어요?
네, 음식이 정말 맛있더라고요.
뭐가 제일 맛있었어요?
스테이크가 최고였어요.
다음에 저도 가봐야겠어요."
852,일반 대화,"이번 주말에 뭐 하세요?
특별한 계획은 없어요.
그럼 같이 드라이브 갈래요?
좋죠! 어디로 갈까요?
바닷가 쪽으로 가볼까요?"
853,일반 대화,"새로운 식당 가봤어요?
네, 음식이 정말 맛있더라고요.
뭐가 제일 맛있었어요?
스테이크가 최고였어요.
다음에 저도 가봐야겠어요."
854,일반 대화,"이번 주말에 뭐 하세요?
특별한 계획은 없어요.
그럼 같이 드라이브 갈래요?
좋죠! 어디로 갈까요?
바닷가 쪽으로 가볼까요?"
855,일반 대화,"어제 경기 봤어요?
네, 정말 흥미진진했어요.
그 선수 대단했죠?
맞아요, 마지막 순간이 인상적이었어요.
다음 경기도 기대돼요."
856,일반 대화,"취미가 뭐에요?
저는 등산을 좋아해요.
정말요? 저도 등산 좋아해요.
다음에 같이 갈래요?
좋아요, 언제 갈까요?"
857,일반 대화,"점심 뭐 드실 거에요?
아직 고민 중이에요.
저도요. 추천해주실 만한 곳 있나요?
근처에 새로 생긴 식당이 있어요.
그럼 거기로 가볼까요?"
858,일반 대화,"새로운 식당 가봤어요?
네, 음식이 정말 맛있더라고요.
뭐가 제일 맛있었어요?
스테이크가 최고였어요.
다음에 저도 가봐야겠어요."
859,일반 대화,"취미가 뭐에요?
저는 등산을 좋아해요.
정말요? 저도 등산 좋아해요.
다음에 같이 갈래요?
좋아요, 언제 갈까요?"
860,일반 대화,"이번 주말에 영화 보러 갈래요?
좋은 생각이에요. 어떤 영화요?
새로 개봉한 액션 영화요.
좋아요. 시간은 언제가 좋을까요?
오후 3시쯤 어때요?"
861,일반 대화,"이번 주말에 영화 보러 갈래요?
좋은 생각이에요. 어떤 영화요?
새로 개봉한 액션 영화요.
좋아요. 시간은 언제가 좋을까요?
오후 3시쯤 어때요?"
862,일반 대화,"새로운 프로젝트 어떻게 생각하세요?
도전적이지만 흥미로워 보여요.
맞아요, 많이 배울 수 있을 것 같아요.
우리 팀이 잘 해낼 거라고 믿어요.
그럼요, 함께 힘내봐요."
863,일반 대화,"점심 뭐 드실 거에요?
아직 고민 중이에요.
저도요. 추천해주실 만한 곳 있나요?
근처에 새로 생긴 식당이 있어요.
그럼 거기로 가볼까요?"
864,일반 대화,"취미가 뭐에요?
저는 등산을 좋아해요.
정말요? 저도 등산 좋아해요.
다음에 같이 갈래요?
좋아요, 언제 갈까요?"
865,일반 대화,"커피 마실래요?
네, 좋죠.
무슨 커피 좋아하세요?
저는 라떼요.
저도 라떼 좋아해요. 두 잔 주문할게요."
866,일반 대화,"오늘 날씨 정말 좋네요.
네, 산책하기 좋은 날씨에요.
어디 갈 계획 있으세요?
그냥 동네 한 바퀴 돌까 생각 중이에요.
좋네요. 같이 가요."
867,일반 대화,"새로운 프로젝트 어떻게 생각하세요?
도전적이지만 흥미로워 보여요.
맞아요, 많이 배울 수 있을 것 같아요.
우리 팀이 잘 해낼 거라고 믿어요.
그럼요, 함께 힘내봐요."
868,일반 대화,"이번 주말에 영화 보러 갈래요?
좋은 생각이에요. 어떤 영화요?
새로 개봉한 액션 영화요.
좋아요. 시간은 언제가 좋을까요?
오후 3시쯤 어때요?"
869,일반 대화,"새로운 식당 가봤어요?
네, 음식이 정말 맛있더라고요.
뭐가 제일 맛있었어요?
스테이크가 최고였어요.
다음에 저도 가봐야겠어요."
870,일반 대화,"어제 경기 봤어요?
네, 정말 흥미진진했어요.
그 선수 대단했죠?
맞아요, 마지막 순간이 인상적이었어요.
다음 경기도 기대돼요."
871,일반 대화,"취미가 뭐에요?
저는 등산을 좋아해요.
정말요? 저도 등산 좋아해요.
다음에 같이 갈래요?
좋아요, 언제 갈까요?"
872,일반 대화,"새로운 프로젝트 어떻게 생각하세요?
도전적이지만 흥미로워 보여요.
맞아요, 많이 배울 수 있을 것 같아요.
우리 팀이 잘 해낼 거라고 믿어요.
그럼요, 함께 힘내봐요."
873,일반 대화,"이 책 읽어보셨어요?
아직 못 읽어봤어요.
정말 재미있어요. 추천해드릴게요.
감사합니다. 꼭 읽어볼게요.
읽고 나서 이야기해요."
874,일반 대화,"새로운 식당 가봤어요?
네, 음식이 정말 맛있더라고요.
뭐가 제일 맛있었어요?
스테이크가 최고였어요.
다음에 저도 가봐야겠어요."
875,일반 대화,"커피 마실래요?
네, 좋죠.
무슨 커피 좋아하세요?
저는 라떼요.
저도 라떼 좋아해요. 두 잔 주문할게요."
876,일반 대화,"이번 주말에 뭐 하세요?
특별한 계획은 없어요.
그럼 같이 드라이브 갈래요?
좋죠! 어디로 갈까요?
바닷가 쪽으로 가볼까요?"
877,일반 대화,"오늘 날씨 정말 좋네요.
네, 산책하기 좋은 날씨에요.
어디 갈 계획 있으세요?
그냥 동네 한 바퀴 돌까 생각 중이에요.
좋네요. 같이 가요."
878,일반 대화,"커피 마실래요?
네, 좋죠.
무슨 커피 좋아하세요?
저는 라떼요.
저도 라떼 좋아해요. 두 잔 주문할게요."
879,일반 대화,"이번 주말에 영화 보러 갈래요?
좋은 생각이에요. 어떤 영화요?
새로 개봉한 액션 영화요.
좋아요. 시간은 언제가 좋을까요?
오후 3시쯤 어때요?"
880,일반 대화,"이번 주말에 영화 보러 갈래요?
좋은 생각이에요. 어떤 영화요?
새로 개봉한 액션 영화요.
좋아요. 시간은 언제가 좋을까요?
오후 3시쯤 어때요?"
881,일반 대화,"취미가 뭐에요?
저는 등산을 좋아해요.
정말요? 저도 등산 좋아해요.
다음에 같이 갈래요?
좋아요, 언제 갈까요?"
882,일반 대화,"어제 경기 봤어요?
네, 정말 흥미진진했어요.
그 선수 대단했죠?
맞아요, 마지막 순간이 인상적이었어요.
다음 경기도 기대돼요."
883,일반 대화,"취미가 뭐에요?
저는 등산을 좋아해요.
정말요? 저도 등산 좋아해요.
다음에 같이 갈래요?
좋아요, 언제 갈까요?"
884,일반 대화,"이번 주말에 뭐 하세요?
특별한 계획은 없어요.
그럼 같이 드라이브 갈래요?
좋죠! 어디로 갈까요?
바닷가 쪽으로 가볼까요?"
885,일반 대화,"오늘 날씨 정말 좋네요.
네, 산책하기 좋은 날씨에요.
어디 갈 계획 있으세요?
그냥 동네 한 바퀴 돌까 생각 중이에요.
좋네요. 같이 가요."
886,일반 대화,"취미가 뭐에요?
저는 등산을 좋아해요.
정말요? 저도 등산 좋아해요.
다음에 같이 갈래요?
좋아요, 언제 갈까요?"
887,일반 대화,"이 책 읽어보셨어요?
아직 못 읽어봤어요.
정말 재미있어요. 추천해드릴게요.
감사합니다. 꼭 읽어볼게요.
읽고 나서 이야기해요."
888,일반 대화,"이 책 읽어보셨어요?
아직 못 읽어봤어요.
정말 재미있어요. 추천해드릴게요.
감사합니다. 꼭 읽어볼게요.
읽고 나서 이야기해요."
889,일반 대화,"취미가 뭐에요?
저는 등산을 좋아해요.
정말요? 저도 등산 좋아해요.
다음에 같이 갈래요?
좋아요, 언제 갈까요?"
890,일반 대화,"취미가 뭐에요?
저는 등산을 좋아해요.
정말요? 저도 등산 좋아해요.
다음에 같이 갈래요?
좋아요, 언제 갈까요?"
891,일반 대화,"취미가 뭐에요?
저는 등산을 좋아해요.
정말요? 저도 등산 좋아해요.
다음에 같이 갈래요?
좋아요, 언제 갈까요?"
892,일반 대화,"커피 마실래요?
네, 좋죠.
무슨 커피 좋아하세요?
저는 라떼요.
저도 라떼 좋아해요. 두 잔 주문할게요."
893,일반 대화,"취미가 뭐에요?
저는 등산을 좋아해요.
정말요? 저도 등산 좋아해요.
다음에 같이 갈래요?
좋아요, 언제 갈까요?"
894,일반 대화,"취미가 뭐에요?
저는 등산을 좋아해요.
정말요? 저도 등산 좋아해요.
다음에 같이 갈래요?
좋아요, 언제 갈까요?"
895,일반 대화,"취미가 뭐에요?
저는 등산을 좋아해요.
정말요? 저도 등산 좋아해요.
다음에 같이 갈래요?
좋아요, 언제 갈까요?"
896,일반 대화,"어제 경기 봤어요?
네, 정말 흥미진진했어요.
그 선수 대단했죠?
맞아요, 마지막 순간이 인상적이었어요.
다음 경기도 기대돼요."
897,일반 대화,"새로운 프로젝트 어떻게 생각하세요?
도전적이지만 흥미로워 보여요.
맞아요, 많이 배울 수 있을 것 같아요.
우리 팀이 잘 해낼 거라고 믿어요.
그럼요, 함께 힘내봐요."
898,일반 대화,"취미가 뭐에요?
저는 등산을 좋아해요.
정말요? 저도 등산 좋아해요.
다음에 같이 갈래요?
좋아요, 언제 갈까요?"
899,일반 대화,"이번 주말에 뭐 하세요?
특별한 계획은 없어요.
그럼 같이 드라이브 갈래요?
좋죠! 어디로 갈까요?
바닷가 쪽으로 가볼까요?"
900,일반 대화,"이번 주말에 뭐 하세요?
특별한 계획은 없어요.
그럼 같이 드라이브 갈래요?
좋죠! 어디로 갈까요?
바닷가 쪽으로 가볼까요?"
901,일반 대화,"점심 뭐 드실 거에요?
아직 고민 중이에요.
저도요. 추천해주실 만한 곳 있나요?
근처에 새로 생긴 식당이 있어요.
그럼 거기로 가볼까요?"
902,일반 대화,"오늘 날씨 정말 좋네요.
네, 산책하기 좋은 날씨에요.
어디 갈 계획 있으세요?
그냥 동네 한 바퀴 돌까 생각 중이에요.
좋네요. 같이 가요."
903,일반 대화,"어제 경기 봤어요?
네, 정말 흥미진진했어요.
그 선수 대단했죠?
맞아요, 마지막 순간이 인상적이었어요.
다음 경기도 기대돼요."
904,일반 대화,"오늘 날씨 정말 좋네요.
네, 산책하기 좋은 날씨에요.
어디 갈 계획 있으세요?
그냥 동네 한 바퀴 돌까 생각 중이에요.
좋네요. 같이 가요."
905,일반 대화,"이번 주말에 뭐 하세요?
특별한 계획은 없어요.
그럼 같이 드라이브 갈래요?
좋죠! 어디로 갈까요?
바닷가 쪽으로 가볼까요?"
906,일반 대화,"이번 주말에 영화 보러 갈래요?
좋은 생각이에요. 어떤 영화요?
새로 개봉한 액션 영화요.
좋아요. 시간은 언제가 좋을까요?
오후 3시쯤 어때요?"
907,일반 대화,"오늘 날씨 정말 좋네요.
네, 산책하기 좋은 날씨에요.
어디 갈 계획 있으세요?
그냥 동네 한 바퀴 돌까 생각 중이에요.
좋네요. 같이 가요."
908,일반 대화,"이 책 읽어보셨어요?
아직 못 읽어봤어요.
정말 재미있어요. 추천해드릴게요.
감사합니다. 꼭 읽어볼게요.
읽고 나서 이야기해요."
909,일반 대화,"점심 뭐 드실 거에요?
아직 고민 중이에요.
저도요. 추천해주실 만한 곳 있나요?
근처에 새로 생긴 식당이 있어요.
그럼 거기로 가볼까요?"
910,일반 대화,"이번 주말에 뭐 하세요?
특별한 계획은 없어요.
그럼 같이 드라이브 갈래요?
좋죠! 어디로 갈까요?
바닷가 쪽으로 가볼까요?"
911,일반 대화,"어제 경기 봤어요?
네, 정말 흥미진진했어요.
그 선수 대단했죠?
맞아요, 마지막 순간이 인상적이었어요.
다음 경기도 기대돼요."
912,일반 대화,"커피 마실래요?
네, 좋죠.
무슨 커피 좋아하세요?
저는 라떼요.
저도 라떼 좋아해요. 두 잔 주문할게요."
913,일반 대화,"오늘 날씨 정말 좋네요.
네, 산책하기 좋은 날씨에요.
어디 갈 계획 있으세요?
그냥 동네 한 바퀴 돌까 생각 중이에요.
좋네요. 같이 가요."
914,일반 대화,"커피 마실래요?
네, 좋죠.
무슨 커피 좋아하세요?
저는 라떼요.
저도 라떼 좋아해요. 두 잔 주문할게요."
915,일반 대화,"점심 뭐 드실 거에요?
아직 고민 중이에요.
저도요. 추천해주실 만한 곳 있나요?
근처에 새로 생긴 식당이 있어요.
그럼 거기로 가볼까요?"
916,일반 대화,"점심 뭐 드실 거에요?
아직 고민 중이에요.
저도요. 추천해주실 만한 곳 있나요?
근처에 새로 생긴 식당이 있어요.
그럼 거기로 가볼까요?"
917,일반 대화,"어제 경기 봤어요?
네, 정말 흥미진진했어요.
그 선수 대단했죠?
맞아요, 마지막 순간이 인상적이었어요.
다음 경기도 기대돼요."
918,일반 대화,"이번 주말에 영화 보러 갈래요?
좋은 생각이에요. 어떤 영화요?
새로 개봉한 액션 영화요.
좋아요. 시간은 언제가 좋을까요?
오후 3시쯤 어때요?"
919,일반 대화,"새로운 식당 가봤어요?
네, 음식이 정말 맛있더라고요.
뭐가 제일 맛있었어요?
스테이크가 최고였어요.
다음에 저도 가봐야겠어요."
920,일반 대화,"어제 경기 봤어요?
네, 정말 흥미진진했어요.
그 선수 대단했죠?
맞아요, 마지막 순간이 인상적이었어요.
다음 경기도 기대돼요."
921,일반 대화,"이 책 읽어보셨어요?
아직 못 읽어봤어요.
정말 재미있어요. 추천해드릴게요.
감사합니다. 꼭 읽어볼게요.
읽고 나서 이야기해요."
922,일반 대화,"취미가 뭐에요?
저는 등산을 좋아해요.
정말요? 저도 등산 좋아해요.
다음에 같이 갈래요?
좋아요, 언제 갈까요?"
923,일반 대화,"새로운 프로젝트 어떻게 생각하세요?
도전적이지만 흥미로워 보여요.
맞아요, 많이 배울 수 있을 것 같아요.
우리 팀이 잘 해낼 거라고 믿어요.
그럼요, 함께 힘내봐요."
924,일반 대화,"점심 뭐 드실 거에요?
아직 고민 중이에요.
저도요. 추천해주실 만한 곳 있나요?
근처에 새로 생긴 식당이 있어요.
그럼 거기로 가볼까요?"
925,일반 대화,"새로운 프로젝트 어떻게 생각하세요?
도전적이지만 흥미로워 보여요.
맞아요, 많이 배울 수 있을 것 같아요.
우리 팀이 잘 해낼 거라고 믿어요.
그럼요, 함께 힘내봐요."
926,일반 대화,"새로운 프로젝트 어떻게 생각하세요?
도전적이지만 흥미로워 보여요.
맞아요, 많이 배울 수 있을 것 같아요.
우리 팀이 잘 해낼 거라고 믿어요.
그럼요, 함께 힘내봐요."
927,일반 대화,"점심 뭐 드실 거에요?
아직 고민 중이에요.
저도요. 추천해주실 만한 곳 있나요?
근처에 새로 생긴 식당이 있어요.
그럼 거기로 가볼까요?"
928,일반 대화,"이 책 읽어보셨어요?
아직 못 읽어봤어요.
정말 재미있어요. 추천해드릴게요.
감사합니다. 꼭 읽어볼게요.
읽고 나서 이야기해요."
929,일반 대화,"오늘 날씨 정말 좋네요.
네, 산책하기 좋은 날씨에요.
어디 갈 계획 있으세요?
그냥 동네 한 바퀴 돌까 생각 중이에요.
좋네요. 같이 가요."
930,일반 대화,"취미가 뭐에요?
저는 등산을 좋아해요.
정말요? 저도 등산 좋아해요.
다음에 같이 갈래요?
좋아요, 언제 갈까요?"
931,일반 대화,"이번 주말에 뭐 하세요?
특별한 계획은 없어요.
그럼 같이 드라이브 갈래요?
좋죠! 어디로 갈까요?
바닷가 쪽으로 가볼까요?"
932,일반 대화,"점심 뭐 드실 거에요?
아직 고민 중이에요.
저도요. 추천해주실 만한 곳 있나요?
근처에 새로 생긴 식당이 있어요.
그럼 거기로 가볼까요?"
933,일반 대화,"이 책 읽어보셨어요?
아직 못 읽어봤어요.
정말 재미있어요. 추천해드릴게요.
감사합니다. 꼭 읽어볼게요.
읽고 나서 이야기해요."
934,일반 대화,"취미가 뭐에요?
저는 등산을 좋아해요.
정말요? 저도 등산 좋아해요.
다음에 같이 갈래요?
좋아요, 언제 갈까요?"
935,일반 대화,"어제 경기 봤어요?
네, 정말 흥미진진했어요.
그 선수 대단했죠?
맞아요, 마지막 순간이 인상적이었어요.
다음 경기도 기대돼요."
936,일반 대화,"이번 주말에 영화 보러 갈래요?
좋은 생각이에요. 어떤 영화요?
새로 개봉한 액션 영화요.
좋아요. 시간은 언제가 좋을까요?
오후 3시쯤 어때요?"
937,일반 대화,"취미가 뭐에요?
저는 등산을 좋아해요.
정말요? 저도 등산 좋아해요.
다음에 같이 갈래요?
좋아요, 언제 갈까요?"
938,일반 대화,"이 책 읽어보셨어요?
아직 못 읽어봤어요.
정말 재미있어요. 추천해드릴게요.
감사합니다. 꼭 읽어볼게요.
읽고 나서 이야기해요."
939,일반 대화,"커피 마실래요?
네, 좋죠.
무슨 커피 좋아하세요?
저는 라떼요.
저도 라떼 좋아해요. 두 잔 주문할게요."
940,일반 대화,"이번 주말에 영화 보러 갈래요?
좋은 생각이에요. 어떤 영화요?
새로 개봉한 액션 영화요.
좋아요. 시간은 언제가 좋을까요?
오후 3시쯤 어때요?"
941,일반 대화,"어제 경기 봤어요?
네, 정말 흥미진진했어요.
그 선수 대단했죠?
맞아요, 마지막 순간이 인상적이었어요.
다음 경기도 기대돼요."
942,일반 대화,"이번 주말에 영화 보러 갈래요?
좋은 생각이에요. 어떤 영화요?
새로 개봉한 액션 영화요.
좋아요. 시간은 언제가 좋을까요?
오후 3시쯤 어때요?"
943,일반 대화,"점심 뭐 드실 거에요?
아직 고민 중이에요.
저도요. 추천해주실 만한 곳 있나요?
근처에 새로 생긴 식당이 있어요.
그럼 거기로 가볼까요?"
944,일반 대화,"새로운 식당 가봤어요?
네, 음식이 정말 맛있더라고요.
뭐가 제일 맛있었어요?
스테이크가 최고였어요.
다음에 저도 가봐야겠어요."
945,일반 대화,"오늘 날씨 정말 좋네요.
네, 산책하기 좋은 날씨에요.
어디 갈 계획 있으세요?
그냥 동네 한 바퀴 돌까 생각 중이에요.
좋네요. 같이 가요."
946,일반 대화,"이 책 읽어보셨어요?
아직 못 읽어봤어요.
정말 재미있어요. 추천해드릴게요.
감사합니다. 꼭 읽어볼게요.
읽고 나서 이야기해요."
947,일반 대화,"오늘 날씨 정말 좋네요.
네, 산책하기 좋은 날씨에요.
어디 갈 계획 있으세요?
그냥 동네 한 바퀴 돌까 생각 중이에요.
좋네요. 같이 가요."
948,일반 대화,"이번 주말에 뭐 하세요?
특별한 계획은 없어요.
그럼 같이 드라이브 갈래요?
좋죠! 어디로 갈까요?
바닷가 쪽으로 가볼까요?"
949,일반 대화,"커피 마실래요?
네, 좋죠.
무슨 커피 좋아하세요?
저는 라떼요.
저도 라떼 좋아해요. 두 잔 주문할게요."
950,일반 대화,"이 책 읽어보셨어요?
아직 못 읽어봤어요.
정말 재미있어요. 추천해드릴게요.
감사합니다. 꼭 읽어볼게요.
읽고 나서 이야기해요."
951,일반 대화,"커피 마실래요?
네, 좋죠.
무슨 커피 좋아하세요?
저는 라떼요.
저도 라떼 좋아해요. 두 잔 주문할게요."
952,일반 대화,"새로운 식당 가봤어요?
네, 음식이 정말 맛있더라고요.
뭐가 제일 맛있었어요?
스테이크가 최고였어요.
다음에 저도 가봐야겠어요."
953,일반 대화,"커피 마실래요?
네, 좋죠.
무슨 커피 좋아하세요?
저는 라떼요.
저도 라떼 좋아해요. 두 잔 주문할게요."
954,일반 대화,"이번 주말에 영화 보러 갈래요?
좋은 생각이에요. 어떤 영화요?
새로 개봉한 액션 영화요.
좋아요. 시간은 언제가 좋을까요?
오후 3시쯤 어때요?"
955,일반 대화,"새로운 식당 가봤어요?
네, 음식이 정말 맛있더라고요.
뭐가 제일 맛있었어요?
스테이크가 최고였어요.
다음에 저도 가봐야겠어요."
956,일반 대화,"새로운 프로젝트 어떻게 생각하세요?
도전적이지만 흥미로워 보여요.
맞아요, 많이 배울 수 있을 것 같아요.
우리 팀이 잘 해낼 거라고 믿어요.
그럼요, 함께 힘내봐요."
957,일반 대화,"이번 주말에 영화 보러 갈래요?
좋은 생각이에요. 어떤 영화요?
새로 개봉한 액션 영화요.
좋아요. 시간은 언제가 좋을까요?
오후 3시쯤 어때요?"
958,일반 대화,"오늘 날씨 정말 좋네요.
네, 산책하기 좋은 날씨에요.
어디 갈 계획 있으세요?
그냥 동네 한 바퀴 돌까 생각 중이에요.
좋네요. 같이 가요."
959,일반 대화,"이번 주말에 뭐 하세요?
특별한 계획은 없어요.
그럼 같이 드라이브 갈래요?
좋죠! 어디로 갈까요?
바닷가 쪽으로 가볼까요?"
960,일반 대화,"오늘 날씨 정말 좋네요.
네, 산책하기 좋은 날씨에요.
어디 갈 계획 있으세요?
그냥 동네 한 바퀴 돌까 생각 중이에요.
좋네요. 같이 가요."
961,일반 대화,"이 책 읽어보셨어요?
아직 못 읽어봤어요.
정말 재미있어요. 추천해드릴게요.
감사합니다. 꼭 읽어볼게요.
읽고 나서 이야기해요."
962,일반 대화,"이 책 읽어보셨어요?
아직 못 읽어봤어요.
정말 재미있어요. 추천해드릴게요.
감사합니다. 꼭 읽어볼게요.
읽고 나서 이야기해요."
963,일반 대화,"어제 경기 봤어요?
네, 정말 흥미진진했어요.
그 선수 대단했죠?
맞아요, 마지막 순간이 인상적이었어요.
다음 경기도 기대돼요."
964,일반 대화,"커피 마실래요?
네, 좋죠.
무슨 커피 좋아하세요?
저는 라떼요.
저도 라떼 좋아해요. 두 잔 주문할게요."
965,일반 대화,"취미가 뭐에요?
저는 등산을 좋아해요.
정말요? 저도 등산 좋아해요.
다음에 같이 갈래요?
좋아요, 언제 갈까요?"
966,일반 대화,"이 책 읽어보셨어요?
아직 못 읽어봤어요.
정말 재미있어요. 추천해드릴게요.
감사합니다. 꼭 읽어볼게요.
읽고 나서 이야기해요."
967,일반 대화,"어제 경기 봤어요?
네, 정말 흥미진진했어요.
그 선수 대단했죠?
맞아요, 마지막 순간이 인상적이었어요.
다음 경기도 기대돼요."
968,일반 대화,"점심 뭐 드실 거에요?
아직 고민 중이에요.
저도요. 추천해주실 만한 곳 있나요?
근처에 새로 생긴 식당이 있어요.
그럼 거기로 가볼까요?"
969,일반 대화,"새로운 프로젝트 어떻게 생각하세요?
도전적이지만 흥미로워 보여요.
맞아요, 많이 배울 수 있을 것 같아요.
우리 팀이 잘 해낼 거라고 믿어요.
그럼요, 함께 힘내봐요."
970,일반 대화,"새로운 식당 가봤어요?
네, 음식이 정말 맛있더라고요.
뭐가 제일 맛있었어요?
스테이크가 최고였어요.
다음에 저도 가봐야겠어요."
971,일반 대화,"새로운 프로젝트 어떻게 생각하세요?
도전적이지만 흥미로워 보여요.
맞아요, 많이 배울 수 있을 것 같아요.
우리 팀이 잘 해낼 거라고 믿어요.
그럼요, 함께 힘내봐요."
972,일반 대화,"이번 주말에 영화 보러 갈래요?
좋은 생각이에요. 어떤 영화요?
새로 개봉한 액션 영화요.
좋아요. 시간은 언제가 좋을까요?
오후 3시쯤 어때요?"
973,일반 대화,"이 책 읽어보셨어요?
아직 못 읽어봤어요.
정말 재미있어요. 추천해드릴게요.
감사합니다. 꼭 읽어볼게요.
읽고 나서 이야기해요."
974,일반 대화,"이 책 읽어보셨어요?
아직 못 읽어봤어요.
정말 재미있어요. 추천해드릴게요.
감사합니다. 꼭 읽어볼게요.
읽고 나서 이야기해요."
975,일반 대화,"오늘 날씨 정말 좋네요.
네, 산책하기 좋은 날씨에요.
어디 갈 계획 있으세요?
그냥 동네 한 바퀴 돌까 생각 중이에요.
좋네요. 같이 가요."
976,일반 대화,"취미가 뭐에요?
저는 등산을 좋아해요.
정말요? 저도 등산 좋아해요.
다음에 같이 갈래요?
좋아요, 언제 갈까요?"
977,일반 대화,"이번 주말에 영화 보러 갈래요?
좋은 생각이에요. 어떤 영화요?
새로 개봉한 액션 영화요.
좋아요. 시간은 언제가 좋을까요?
오후 3시쯤 어때요?"
978,일반 대화,"새로운 식당 가봤어요?
네, 음식이 정말 맛있더라고요.
뭐가 제일 맛있었어요?
스테이크가 최고였어요.
다음에 저도 가봐야겠어요."
979,일반 대화,"이 책 읽어보셨어요?
아직 못 읽어봤어요.
정말 재미있어요. 추천해드릴게요.
감사합니다. 꼭 읽어볼게요.
읽고 나서 이야기해요."
980,일반 대화,"이번 주말에 뭐 하세요?
특별한 계획은 없어요.
그럼 같이 드라이브 갈래요?
좋죠! 어디로 갈까요?
바닷가 쪽으로 가볼까요?"
981,일반 대화,"어제 경기 봤어요?
네, 정말 흥미진진했어요.
그 선수 대단했죠?
맞아요, 마지막 순간이 인상적이었어요.
다음 경기도 기대돼요."
982,일반 대화,"새로운 식당 가봤어요?
네, 음식이 정말 맛있더라고요.
뭐가 제일 맛있었어요?
스테이크가 최고였어요.
다음에 저도 가봐야겠어요."
983,일반 대화,"새로운 프로젝트 어떻게 생각하세요?
도전적이지만 흥미로워 보여요.
맞아요, 많이 배울 수 있을 것 같아요.
우리 팀이 잘 해낼 거라고 믿어요.
그럼요, 함께 힘내봐요."
984,일반 대화,"어제 경기 봤어요?
네, 정말 흥미진진했어요.
그 선수 대단했죠?
맞아요, 마지막 순간이 인상적이었어요.
다음 경기도 기대돼요."
985,일반 대화,"이번 주말에 영화 보러 갈래요?
좋은 생각이에요. 어떤 영화요?
새로 개봉한 액션 영화요.
좋아요. 시간은 언제가 좋을까요?
오후 3시쯤 어때요?"
986,일반 대화,"새로운 식당 가봤어요?
네, 음식이 정말 맛있더라고요.
뭐가 제일 맛있었어요?
스테이크가 최고였어요.
다음에 저도 가봐야겠어요."
987,일반 대화,"이번 주말에 뭐 하세요?
특별한 계획은 없어요.
그럼 같이 드라이브 갈래요?
좋죠! 어디로 갈까요?
바닷가 쪽으로 가볼까요?"
988,일반 대화,"이 책 읽어보셨어요?
아직 못 읽어봤어요.
정말 재미있어요. 추천해드릴게요.
감사합니다. 꼭 읽어볼게요.
읽고 나서 이야기해요."
989,일반 대화,"점심 뭐 드실 거에요?
아직 고민 중이에요.
저도요. 추천해주실 만한 곳 있나요?
근처에 새로 생긴 식당이 있어요.
그럼 거기로 가볼까요?"
990,일반 대화,"이 책 읽어보셨어요?
아직 못 읽어봤어요.
정말 재미있어요. 추천해드릴게요.
감사합니다. 꼭 읽어볼게요.
읽고 나서 이야기해요."
991,일반 대화,"어제 경기 봤어요?
네, 정말 흥미진진했어요.
그 선수 대단했죠?
맞아요, 마지막 순간이 인상적이었어요.
다음 경기도 기대돼요."
992,일반 대화,"이번 주말에 뭐 하세요?
특별한 계획은 없어요.
그럼 같이 드라이브 갈래요?
좋죠! 어디로 갈까요?
바닷가 쪽으로 가볼까요?"
993,일반 대화,"이번 주말에 뭐 하세요?
특별한 계획은 없어요.
그럼 같이 드라이브 갈래요?
좋죠! 어디로 갈까요?
바닷가 쪽으로 가볼까요?"
994,일반 대화,"이번 주말에 뭐 하세요?
특별한 계획은 없어요.
그럼 같이 드라이브 갈래요?
좋죠! 어디로 갈까요?
바닷가 쪽으로 가볼까요?"
995,일반 대화,"새로운 식당 가봤어요?
네, 음식이 정말 맛있더라고요.
뭐가 제일 맛있었어요?
스테이크가 최고였어요.
다음에 저도 가봐야겠어요."
996,일반 대화,"새로운 식당 가봤어요?
네, 음식이 정말 맛있더라고요.
뭐가 제일 맛있었어요?
스테이크가 최고였어요.
다음에 저도 가봐야겠어요."
997,일반 대화,"이번 주말에 뭐 하세요?
특별한 계획은 없어요.
그럼 같이 드라이브 갈래요?
좋죠! 어디로 갈까요?
바닷가 쪽으로 가볼까요?"
998,일반 대화,"새로운 프로젝트 어떻게 생각하세요?
도전적이지만 흥미로워 보여요.
맞아요, 많이 배울 수 있을 것 같아요.
우리 팀이 잘 해낼 거라고 믿어요.
그럼요, 함께 힘내봐요."
999,일반 대화,"오늘 날씨 정말 좋네요.
네, 산책하기 좋은 날씨에요.
어디 갈 계획 있으세요?
그냥 동네 한 바퀴 돌까 생각 중이에요.
좋네요. 같이 가요."
